{"final_train_loss": 2.1334118843078613, "final_val_loss": 2.1038780212402344, "final_train_acc": 0.228515625, "final_val_acc": 0.211181640625, "step_val_acc_99": 7500}