{"final_train_loss": 4.787332534790039, "final_val_loss": 4.787096977233887, "final_train_acc": 0.0074218749068677425, "final_val_acc": 0.00830078125, "step_val_acc_99": 7500}