{"final_train_loss": 0.9403692483901978, "final_val_loss": 0.9047991037368774, "final_train_acc": 0.660351574420929, "final_val_acc": 0.687255859375, "step_val_acc_99": 7500}