{"final_train_loss": 1.2759089469909668, "final_val_loss": 1.2735328674316406, "final_train_acc": 0.548046886920929, "final_val_acc": 0.542724609375, "step_val_acc_99": 7500}