{"final_train_loss": 0.6676579713821411, "final_val_loss": 0.6808069944381714, "final_train_acc": 0.789843738079071, "final_val_acc": 0.781005859375, "step_val_acc_99": 7500}