{"final_train_loss": 4.787640571594238, "final_val_loss": 4.78762674331665, "final_train_acc": 0.00937500037252903, "final_val_acc": 0.0087890625, "step_val_acc_99": 7500}