{"final_train_loss": 4.787481784820557, "final_val_loss": 4.787769317626953, "final_train_acc": 0.006054687779396772, "final_val_acc": 0.0068359375, "step_val_acc_99": 7500}