{"final_train_loss": 1.637175440788269, "final_val_loss": 1.959770917892456, "final_train_acc": 0.36992189288139343, "final_val_acc": 0.15673828125, "step_val_acc_99": 7500}