{"final_train_loss": 1.5595611333847046, "final_val_loss": 1.4142409563064575, "final_train_acc": 0.35820314288139343, "final_val_acc": 0.445556640625, "step_val_acc_99": 7500}