{"final_train_loss": 1.0118554830551147, "final_val_loss": 0.9687173962593079, "final_train_acc": 0.6060547232627869, "final_val_acc": 0.68115234375, "step_val_acc_99": 7500}