{"x_div_y": {"means": {"final_train_loss_mean": 1.685325026512146, "final_val_loss_mean": 1.5671646197636921, "final_train_acc_mean": 0.440690112610658, "final_val_acc_mean": 0.4593098958333333, "step_val_acc_99_mean": 7500.0}, "stderrs": {"final_train_loss_stderr": 0.2758928283098761, "final_val_loss_stderr": 0.23085015661990005, "final_train_acc_stderr": 0.07857941525529304, "final_val_acc_stderr": 0.0759782736888618, "step_val_acc_99_stderr": 0.0}, "final_info_dict": {"final_train_loss": [0.9403692483901978, 2.8396968841552734, 1.2759089469909668], "final_val_loss": [0.9047991037368774, 2.5231618881225586, 1.2735328674316406], "final_train_acc": [0.660351574420929, 0.11367187649011612, 0.548046886920929], "final_val_acc": [0.687255859375, 0.14794921875, 0.542724609375], "step_val_acc_99": [7500, 7500, 7500]}}, "x_minus_y": {"means": {"final_train_loss_mean": 1.1696660816669464, "final_val_loss_mean": 1.2242175141970317, "final_train_acc_mean": 0.5555338660875956, "final_val_acc_mean": 0.515380859375, "step_val_acc_99_mean": 7500.0}, "stderrs": {"final_train_loss_stderr": 0.2023679703051345, "final_val_loss_stderr": 0.2304456403908558, "final_train_acc_stderr": 0.09027454578574012, "final_val_acc_stderr": 0.10836900547606315, "step_val_acc_99_stderr": 0.0}, "final_info_dict": {"final_train_loss": [0.3122616708278656, 1.637175440788269, 1.5595611333847046], "final_val_loss": [0.2986406683921814, 1.959770917892456, 1.4142409563064575], "final_train_acc": [0.9384765625, 0.36992189288139343, 0.35820314288139343], "final_val_acc": [0.94384765625, 0.15673828125, 0.445556640625], "step_val_acc_99": [7500, 7500, 7500]}}, "x_plus_y": {"means": {"final_train_loss_mean": 1.270975112915039, "final_val_loss_mean": 1.2511341373125713, "final_train_acc_mean": 0.5414713621139526, "final_val_acc_mean": 0.5577799479166666, "step_val_acc_99_mean": 7500.0}, "stderrs": {"final_train_loss_stderr": 0.20860486664688502, "final_val_loss_stderr": 0.20477669835452453, "final_train_acc_stderr": 0.07788908093312265, "final_val_acc_stderr": 0.08281638373814264, "step_val_acc_99_stderr": 0.0}, "final_info_dict": {"final_train_loss": [0.6676579713821411, 1.0118554830551147, 2.1334118843078613], "final_val_loss": [0.6808069944381714, 0.9687173962593079, 2.1038780212402344], "final_train_acc": [0.789843738079071, 0.6060547232627869, 0.228515625], "final_val_acc": [0.781005859375, 0.68115234375, 0.211181640625], "step_val_acc_99": [7500, 7500, 7500]}}, "permutation": {"means": {"final_train_loss_mean": 4.787484963734944, "final_val_loss_mean": 4.787497679392497, "final_train_acc_mean": 0.007617187686264515, "final_val_acc_mean": 0.007975260416666666, "step_val_acc_99_mean": 7500.0}, "stderrs": {"final_train_loss_stderr": 4.192519556069299e-05, "final_val_loss_stderr": 9.641865634195027e-05, "final_train_acc_stderr": 0.00045417644151559956, "final_val_acc_stderr": 0.0002766395135412752, "step_val_acc_99_stderr": 0.0}, "final_info_dict": {"final_train_loss": [4.787640571594238, 4.787332534790039, 4.787481784820557], "final_val_loss": [4.78762674331665, 4.787096977233887, 4.787769317626953], "final_train_acc": [0.00937500037252903, 0.0074218749068677425, 0.006054687779396772], "final_val_acc": [0.0087890625, 0.00830078125, 0.0068359375], "step_val_acc_99": [7500, 7500, 7500]}}}