{"final_train_loss": 2.8396968841552734, "final_val_loss": 2.5231618881225586, "final_train_acc": 0.11367187649011612, "final_val_acc": 0.14794921875, "step_val_acc_99": 7500}