{"final_train_loss": 0.3122616708278656, "final_val_loss": 0.2986406683921814, "final_train_acc": 0.9384765625, "final_val_acc": 0.94384765625, "step_val_acc_99": 7500}