{"x_div_y": {"means": {"final_train_loss_mean": 0.45525435109933216, "final_val_loss_mean": 0.6134743392467499, "final_train_acc_mean": 0.8854166865348816, "final_val_acc_mean": 0.8046875, "step_val_acc_99_mean": 7370.0}, "stderrs": {"final_train_loss_stderr": 0.0949385651457436, "final_val_loss_stderr": 0.12496260650864326, "final_train_acc_stderr": 0.032635199744706515, "final_val_acc_stderr": 0.04208503073447014, "step_val_acc_99_stderr": 61.28258770283412}, "final_info_dict": {"final_train_loss": [0.17244501411914825, 0.8450420498847961, 0.3482759892940521], "final_val_loss": [0.21686527132987976, 1.1164709329605103, 0.5070868134498596], "final_train_acc": [0.9781250357627869, 0.75, 0.9281250238418579], "final_val_acc": [0.96484375, 0.65625, 0.79296875], "step_val_acc_99": [7110, 7500, 7500]}}, "x_minus_y": {"means": {"final_train_loss_mean": 0.00508837114709119, "final_val_loss_mean": 0.006377934788664182, "final_train_acc_mean": 1.0, "final_val_acc_mean": 1.0, "step_val_acc_99_mean": 5130.0}, "stderrs": {"final_train_loss_stderr": 0.0004264367512599784, "final_val_loss_stderr": 0.0005134479322747457, "final_train_acc_stderr": 0.0, "final_val_acc_stderr": 0.0, "step_val_acc_99_stderr": 131.6842463650863}, "final_info_dict": {"final_train_loss": [0.003342593787238002, 0.006372536066919565, 0.005549983587116003], "final_val_loss": [0.004226222634315491, 0.007748052012175322, 0.007159529719501734], "final_train_acc": [1.0, 1.0, 1.0], "final_val_acc": [1.0, 1.0, 1.0], "step_val_acc_99": [4940, 4770, 5680]}}, "x_plus_y": {"means": {"final_train_loss_mean": 0.7489134383698305, "final_val_loss_mean": 0.46188898601879674, "final_train_acc_mean": 0.84375, "final_val_acc_mean": 0.9119466145833334, "step_val_acc_99_mean": 2210.0}, "stderrs": {"final_train_loss_stderr": 0.3498746747411907, "final_val_loss_stderr": 0.21424807722727804, "final_train_acc_stderr": 0.0736569563735987, "final_val_acc_stderr": 0.04150876395637177, "step_val_acc_99_stderr": 195.2965456446702}, "final_info_dict": {"final_train_loss": [0.005063005723059177, 2.233304738998413, 0.008372570388019085], "final_val_loss": [0.005814335308969021, 1.370864748954773, 0.008987873792648315], "final_train_acc": [1.0, 0.53125, 1.0], "final_val_acc": [1.0, 0.73583984375, 1.0], "step_val_acc_99": [2980, 1560, 2090]}}, "permutation": {"means": {"final_train_loss_mean": 4.319496313730876, "final_val_loss_mean": 4.926805814107259, "final_train_acc_mean": 0.055208334078391395, "final_val_acc_mean": 0.005208333333333333, "step_val_acc_99_mean": 7500.0}, "stderrs": {"final_train_loss_stderr": 0.08499017805173252, "final_val_loss_stderr": 0.10859838192663086, "final_train_acc_stderr": 0.0034373249067294544, "final_val_acc_stderr": 0.0012276159395599783, "step_val_acc_99_stderr": 0.0}, "final_info_dict": {"final_train_loss": [3.9598679542541504, 4.47660493850708, 4.5220160484313965], "final_val_loss": [4.466853141784668, 5.180156707763672, 5.1334075927734375], "final_train_acc": [0.04374999925494194, 0.06875000149011612, 0.05312500149011612], "final_val_acc": [0.0, 0.0078125, 0.0078125], "step_val_acc_99": [7500, 7500, 7500]}}}