{"final_train_loss": 0.003342593787238002, "final_val_loss": 0.004226222634315491, "final_train_acc": 1.0, "final_val_acc": 1.0, "step_val_acc_99": 4940}