{"final_train_loss": 0.006372536066919565, "final_val_loss": 0.007748052012175322, "final_train_acc": 1.0, "final_val_acc": 1.0, "step_val_acc_99": 4770}