{"final_train_loss": 2.233304738998413, "final_val_loss": 1.370864748954773, "final_train_acc": 0.53125, "final_val_acc": 0.73583984375, "step_val_acc_99": 1560}