{"final_train_loss": 3.9598679542541504, "final_val_loss": 4.466853141784668, "final_train_acc": 0.04374999925494194, "final_val_acc": 0.0, "step_val_acc_99": 7500}