{"final_train_loss": 0.008372570388019085, "final_val_loss": 0.008987873792648315, "final_train_acc": 1.0, "final_val_acc": 1.0, "step_val_acc_99": 2090}