{"final_train_loss": 4.47660493850708, "final_val_loss": 5.180156707763672, "final_train_acc": 0.06875000149011612, "final_val_acc": 0.0078125, "step_val_acc_99": 7500}