{"final_train_loss": 0.3482759892940521, "final_val_loss": 0.5070868134498596, "final_train_acc": 0.9281250238418579, "final_val_acc": 0.79296875, "step_val_acc_99": 7500}