{"final_train_loss": 4.5220160484313965, "final_val_loss": 5.1334075927734375, "final_train_acc": 0.05312500149011612, "final_val_acc": 0.0078125, "step_val_acc_99": 7500}