{"final_train_loss": 0.17244501411914825, "final_val_loss": 0.21686527132987976, "final_train_acc": 0.9781250357627869, "final_val_acc": 0.96484375, "step_val_acc_99": 7110}