{"final_train_loss": 0.005063005723059177, "final_val_loss": 0.005814335308969021, "final_train_acc": 1.0, "final_val_acc": 1.0, "step_val_acc_99": 2980}