{"final_train_loss": 0.8450420498847961, "final_val_loss": 1.1164709329605103, "final_train_acc": 0.75, "final_val_acc": 0.65625, "step_val_acc_99": 7500}