{"final_train_loss": 0.005549983587116003, "final_val_loss": 0.007159529719501734, "final_train_acc": 1.0, "final_val_acc": 1.0, "step_val_acc_99": 5680}