{"x_div_y": {"means": {"final_train_loss_mean": 0.5275169461965561, "final_val_loss_mean": 0.5668983856836954, "final_train_acc_mean": 0.8621744712193807, "final_val_acc_mean": 0.8423665364583334, "step_val_acc_99_mean": 6360.0}, "stderrs": {"final_train_loss_stderr": 0.15988751924105324, "final_val_loss_stderr": 0.15082432680253036, "final_train_acc_stderr": 0.06150604812861916, "final_val_acc_stderr": 0.06392232185982392, "step_val_acc_99_stderr": 537.4011537017761}, "final_info_dict": {"final_train_loss": [1.205661654472351, 0.17415928840637207, 0.20272989571094513], "final_val_loss": [1.2066669464111328, 0.2579611837863922, 0.2360670268535614], "final_train_acc": [0.601367175579071, 0.985156238079071, 1.0], "final_val_acc": [0.572265625, 0.956298828125, 0.99853515625], "step_val_acc_99": [7500, 7500, 4080]}}, "x_minus_y": {"means": {"final_train_loss_mean": 1.0602518320083618, "final_val_loss_mean": 1.3307550549507141, "final_train_acc_mean": 0.7386067907015482, "final_val_acc_mean": 0.6625162760416666, "step_val_acc_99_mean": 6270.0}, "stderrs": {"final_train_loss_stderr": 0.03737819667129677, "final_val_loss_stderr": 0.18087166417703993, "final_train_acc_stderr": 0.011002713680350435, "final_val_acc_stderr": 0.05642230692603318, "step_val_acc_99_stderr": 579.827560572969}, "final_info_dict": {"final_train_loss": [0.9024239778518677, 1.1525458097457886, 1.1257857084274292], "final_val_loss": [2.095146417617798, 1.0070908069610596, 0.8900279402732849], "final_train_acc": [0.7826172113418579, 0.703125, 0.7300781607627869], "final_val_acc": [0.424072265625, 0.763427734375, 0.800048828125], "step_val_acc_99": [3810, 7500, 7500]}}, "x_plus_y": {"means": {"final_train_loss_mean": 0.1324965606133143, "final_val_loss_mean": 0.1075557346145312, "final_train_acc_mean": 0.996875007947286, "final_val_acc_mean": 0.9998372395833334, "step_val_acc_99_mean": 2226.6666666666665}, "stderrs": {"final_train_loss_stderr": 0.03593684187190276, "final_val_loss_stderr": 0.02373374253749797, "final_train_acc_stderr": 0.0014731353810854397, "final_val_acc_stderr": 7.672599622249864e-05, "step_val_acc_99_stderr": 103.1479819135571}, "final_info_dict": {"final_train_loss": [0.04168558865785599, 0.283966600894928, 0.07183749228715897], "final_val_loss": [0.04288625717163086, 0.20673219859600067, 0.07304874807596207], "final_train_acc": [1.0, 0.9906250238418579, 1.0], "final_val_acc": [1.0, 0.99951171875, 1.0], "step_val_acc_99": [1790, 2420, 2470]}}, "permutation": {"means": {"final_train_loss_mean": 2.559171517690023, "final_val_loss_mean": 4.276310443878174, "final_train_acc_mean": 0.3346354216337204, "final_val_acc_mean": 0.07503255208333333, "step_val_acc_99_mean": 7500.0}, "stderrs": {"final_train_loss_stderr": 0.16395769685738695, "final_val_loss_stderr": 0.3157660310408012, "final_train_acc_stderr": 0.039159937048676416, "final_val_acc_stderr": 0.027057773668879542, "step_val_acc_99_stderr": 0.0}, "final_info_dict": {"final_train_loss": [3.038492202758789, 1.8829364776611328, 2.7560858726501465], "final_val_loss": [5.052311897277832, 2.942568302154541, 4.834051132202148], "final_train_acc": [0.22695313394069672, 0.498046875, 0.2789062559604645], "final_val_acc": [0.012939453125, 0.189697265625, 0.0224609375], "step_val_acc_99": [7500, 7500, 7500]}}}