{"final_train_loss": 0.20272989571094513, "final_val_loss": 0.2360670268535614, "final_train_acc": 1.0, "final_val_acc": 0.99853515625, "step_val_acc_99": 4080}