{"final_train_loss": 0.17415928840637207, "final_val_loss": 0.2579611837863922, "final_train_acc": 0.985156238079071, "final_val_acc": 0.956298828125, "step_val_acc_99": 7500}