{"final_train_loss": 1.205661654472351, "final_val_loss": 1.2066669464111328, "final_train_acc": 0.601367175579071, "final_val_acc": 0.572265625, "step_val_acc_99": 7500}