{"final_train_loss": 0.283966600894928, "final_val_loss": 0.20673219859600067, "final_train_acc": 0.9906250238418579, "final_val_acc": 0.99951171875, "step_val_acc_99": 2420}