{"final_train_loss": 0.07183749228715897, "final_val_loss": 0.07304874807596207, "final_train_acc": 1.0, "final_val_acc": 1.0, "step_val_acc_99": 2470}