{"final_train_loss": 2.7560858726501465, "final_val_loss": 4.834051132202148, "final_train_acc": 0.2789062559604645, "final_val_acc": 0.0224609375, "step_val_acc_99": 7500}