{"final_train_loss": 1.1257857084274292, "final_val_loss": 0.8900279402732849, "final_train_acc": 0.7300781607627869, "final_val_acc": 0.800048828125, "step_val_acc_99": 7500}