{"final_train_loss": 3.038492202758789, "final_val_loss": 5.052311897277832, "final_train_acc": 0.22695313394069672, "final_val_acc": 0.012939453125, "step_val_acc_99": 7500}