{"final_train_loss": 1.1525458097457886, "final_val_loss": 1.0070908069610596, "final_train_acc": 0.703125, "final_val_acc": 0.763427734375, "step_val_acc_99": 7500}