{"final_train_loss": 1.8829364776611328, "final_val_loss": 2.942568302154541, "final_train_acc": 0.498046875, "final_val_acc": 0.189697265625, "step_val_acc_99": 7500}