{"final_train_loss": 0.9024239778518677, "final_val_loss": 2.095146417617798, "final_train_acc": 0.7826172113418579, "final_val_acc": 0.424072265625, "step_val_acc_99": 3810}