{"final_train_loss": 0.04168558865785599, "final_val_loss": 0.04288625717163086, "final_train_acc": 1.0, "final_val_acc": 1.0, "step_val_acc_99": 1790}