{"final_train_loss": 4.5756754875183105, "final_val_loss": 4.575357913970947, "final_train_acc": 0.0062500000931322575, "final_val_acc": 0.009765625, "step_val_acc_99": 7500}