{"final_train_loss": 4.536880016326904, "final_val_loss": 4.519835472106934, "final_train_acc": 0.01875000074505806, "final_val_acc": 0.02099609375, "step_val_acc_99": 7500}