{"final_train_loss": 4.786378383636475, "final_val_loss": 4.788135051727295, "final_train_acc": 0.0062500000931322575, "final_val_acc": 0.01123046875, "step_val_acc_99": 7500}