{"final_train_loss": 4.573279857635498, "final_val_loss": 4.5751051902771, "final_train_acc": 0.0062500000931322575, "final_val_acc": 0.009765625, "step_val_acc_99": 7500}