{"x_div_y": {"means": {"final_train_loss_mean": 4.47291882832845, "final_val_loss_mean": 4.449561436971028, "final_train_acc_mean": 0.02083333395421505, "final_val_acc_mean": 0.021647135416666668, "step_val_acc_99_mean": 7500.0}, "stderrs": {"final_train_loss_stderr": 0.029613639827406432, "final_val_loss_stderr": 0.03483804999319589, "final_train_acc_stderr": 0.0009820926931106931, "final_val_acc_stderr": 0.001074163947114981, "step_val_acc_99_stderr": 0.0}, "final_info_dict": {"final_train_loss": [4.347285747528076, 4.534590721130371, 4.536880016326904], "final_val_loss": [4.301814556121826, 4.527034282684326, 4.519835472106934], "final_train_acc": [0.02500000037252903, 0.01875000074505806, 0.01875000074505806], "final_val_acc": [0.02587890625, 0.01806640625, 0.02099609375], "step_val_acc_99": [7500, 7500, 7500]}}, "x_minus_y": {"means": {"final_train_loss_mean": 4.574707984924316, "final_val_loss_mean": 4.575027783711751, "final_train_acc_mean": 0.012500000341484943, "final_val_acc_mean": 0.009521484375, "step_val_acc_99_mean": 7500.0}, "stderrs": {"final_train_loss_stderr": 0.0004260550805534191, "final_val_loss_stderr": 5.009595453983211e-05, "final_train_acc_stderr": 0.0017010346323152944, "final_val_acc_stderr": 0.00023957684641731354, "step_val_acc_99_stderr": 0.0}, "final_info_dict": {"final_train_loss": [4.576381683349609, 4.573279857635498, 4.574462413787842], "final_val_loss": [4.575160503387451, 4.5751051902771, 4.574817657470703], "final_train_acc": [0.01875000074505806, 0.0062500000931322575, 0.012500000186264515], "final_val_acc": [0.008544921875, 0.009765625, 0.01025390625], "step_val_acc_99": [7500, 7500, 7500]}}, "x_plus_y": {"means": {"final_train_loss_mean": 4.576561450958252, "final_val_loss_mean": 4.575206597646077, "final_train_acc_mean": 0.006250000170742472, "final_val_acc_mean": 0.010335286458333334, "step_val_acc_99_mean": 7500.0}, "stderrs": {"final_train_loss_stderr": 0.0005166103317365039, "final_val_loss_stderr": 5.203934529441765e-05, "final_train_acc_stderr": 0.0008505173161576472, "final_val_acc_stderr": 0.0005161213539073472, "step_val_acc_99_stderr": 0.0}, "final_info_dict": {"final_train_loss": [4.575268268585205, 4.57874059677124, 4.5756754875183105], "final_val_loss": [4.575270175933838, 4.574991703033447, 4.575357913970947], "final_train_acc": [0.00937500037252903, 0.0031250000465661287, 0.0062500000931322575], "final_val_acc": [0.012451171875, 0.0087890625, 0.009765625], "step_val_acc_99": [7500, 7500, 7500]}}, "permutation": {"means": {"final_train_loss_mean": 4.78788693745931, "final_val_loss_mean": 4.788247426350911, "final_train_acc_mean": 0.006250000170742472, "final_val_acc_mean": 0.009195963541666666, "step_val_acc_99_mean": 7500.0}, "stderrs": {"final_train_loss_stderr": 0.0003943754820784048, "final_val_loss_stderr": 4.8656489884379376e-05, "final_train_acc_stderr": 0.0008505173161576472, "final_val_acc_stderr": 0.0005074947627460316, "step_val_acc_99_stderr": 0.0}, "final_info_dict": {"final_train_loss": [4.7880144119262695, 4.786378383636475, 4.7892680168151855], "final_val_loss": [4.788153648376465, 4.788135051727295, 4.788453578948975], "final_train_acc": [0.0031250000465661287, 0.0062500000931322575, 0.00937500037252903], "final_val_acc": [0.0087890625, 0.01123046875, 0.007568359375], "step_val_acc_99": [7500, 7500, 7500]}}}