{"final_train_loss": 4.574462413787842, "final_val_loss": 4.574817657470703, "final_train_acc": 0.012500000186264515, "final_val_acc": 0.01025390625, "step_val_acc_99": 7500}