{"final_train_loss": 4.347285747528076, "final_val_loss": 4.301814556121826, "final_train_acc": 0.02500000037252903, "final_val_acc": 0.02587890625, "step_val_acc_99": 7500}