{"final_train_loss": 4.534590721130371, "final_val_loss": 4.527034282684326, "final_train_acc": 0.01875000074505806, "final_val_acc": 0.01806640625, "step_val_acc_99": 7500}