{"final_train_loss": 4.57874059677124, "final_val_loss": 4.574991703033447, "final_train_acc": 0.0031250000465661287, "final_val_acc": 0.0087890625, "step_val_acc_99": 7500}