{"final_train_loss": 4.576381683349609, "final_val_loss": 4.575160503387451, "final_train_acc": 0.01875000074505806, "final_val_acc": 0.008544921875, "step_val_acc_99": 7500}