{"final_train_loss": 4.575268268585205, "final_val_loss": 4.575270175933838, "final_train_acc": 0.00937500037252903, "final_val_acc": 0.012451171875, "step_val_acc_99": 7500}