{"final_train_loss": 4.7892680168151855, "final_val_loss": 4.788453578948975, "final_train_acc": 0.00937500037252903, "final_val_acc": 0.007568359375, "step_val_acc_99": 7500}