{"final_train_loss": 0.0034286342561244965, "final_val_loss": 0.003783277003094554, "final_train_acc": 1.0, "final_val_acc": 1.0, "step_val_acc_99": 3800}