{"parameter_count": 1631585, "final_train_loss": 1.9233134984970093, "final_val_loss": 0.6619127988815308, "final_train_acc": 0.581250011920929, "final_val_acc": 0.849365234375, "step_val_acc_99": 3640}