{"parameter_count": 1631585, "final_train_loss": 0.001122276415117085, "final_val_loss": 0.001586716272868216, "final_train_acc": 1.0, "final_val_acc": 1.0, "step_val_acc_99": 3860}