{"x_div_y": {"means": {"parameter_count_mean": 1631585.0, "final_train_loss_mean": 0.6422434026608244, "final_val_loss_mean": 0.22202240757178515, "final_train_acc_mean": 0.8604166706403097, "final_val_acc_mean": 0.9497884114583334, "step_val_acc_99_mean": 3603.3333333333335}, "stderrs": {"parameter_count_stderr": 0.0, "final_train_loss_stderr": 0.30195115944557377, "final_val_loss_stderr": 0.10368324549852775, "final_train_acc_stderr": 0.06580021248722157, "final_val_acc_stderr": 0.02366996983464083, "step_val_acc_99_stderr": 75.34283781406528}, "final_info_dict": {"parameter_count": [1631585, 1631585, 1631585], "final_train_loss": [0.002294433070346713, 0.001122276415117085, 1.9233134984970093], "final_val_loss": [0.002567707560956478, 0.001586716272868216, 0.6619127988815308], "final_train_acc": [1.0, 1.0, 0.581250011920929], "final_val_acc": [1.0, 1.0, 0.849365234375], "step_val_acc_99": [3310, 3860, 3640]}}, "x_minus_y": {"means": {"parameter_count_mean": 1631585.0, "final_train_loss_mean": 0.16633676318451762, "final_val_loss_mean": 0.08532173062364261, "final_train_acc_mean": 0.9694661498069763, "final_val_acc_mean": 0.9894205729166666, "step_val_acc_99_mean": 4246.666666666667}, "stderrs": {"parameter_count_stderr": 0.0, "final_train_loss_stderr": 0.07688195859092119, "final_val_loss_stderr": 0.036544587886886866, "final_train_acc_stderr": 0.01439379501814748, "final_val_acc_stderr": 0.004929757210298947, "step_val_acc_99_stderr": 74.65145347662589}, "final_info_dict": {"parameter_count": [1631585, 1631585, 1631585], "final_train_loss": [0.0035868422128260136, 0.4925190508365631, 0.002904396504163742], "final_val_loss": [0.007909301668405533, 0.24036723375320435, 0.007688656449317932], "final_train_acc": [1.0, 0.908398449420929, 1.0], "final_val_acc": [1.0, 0.968505859375, 0.999755859375], "step_val_acc_99": [4400, 3930, 4410]}}, "x_plus_y": {"means": {"parameter_count_mean": 1631585.0, "final_train_loss_mean": 0.6627628171894079, "final_val_loss_mean": 0.11340594043334325, "final_train_acc_mean": 0.8529947996139526, "final_val_acc_mean": 0.9838053385416666, "step_val_acc_99_mean": 2376.6666666666665}, "stderrs": {"parameter_count_stderr": 0.0, "final_train_loss_stderr": 0.31155731784649826, "final_val_loss_stderr": 0.052475346825350926, "final_train_acc_stderr": 0.06929891604177424, "final_val_acc_stderr": 0.007634236624138616, "step_val_acc_99_stderr": 29.979416807182314}, "final_info_dict": {"parameter_count": [1631585, 1631585, 1631585], "final_train_loss": [0.0010726553155109286, 0.0026275308337062597, 1.9845882654190063], "final_val_loss": [0.0010842557530850172, 0.003096615197136998, 0.33603695034980774], "final_train_acc": [1.0, 1.0, 0.5589843988418579], "final_val_acc": [1.0, 1.0, 0.951416015625], "step_val_acc_99": [2450, 2430, 2250]}}, "permutation": {"means": {"parameter_count_mean": 1643384.0, "final_train_loss_mean": 0.005595618053727473, "final_val_loss_mean": 0.13222116445346424, "final_train_acc_mean": 0.9993489583333334, "final_val_acc_mean": 0.962158203125, "step_val_acc_99_mean": 5943.333333333333}, "stderrs": {"parameter_count_stderr": 0.0, "final_train_loss_stderr": 0.00193773773195309, "final_val_loss_stderr": 0.06144338429404699, "final_train_acc_stderr": 0.00030690398488999456, "final_val_acc_stderr": 0.017838794121730936, "step_val_acc_99_stderr": 470.9826868983876}, "final_info_dict": {"parameter_count": [1643384, 1643384, 1643384], "final_train_loss": [0.0002750851272139698, 0.0028282590210437775, 0.013683510012924671], "final_val_loss": [0.0005328062688931823, 0.0032319785095751286, 0.39289870858192444], "final_train_acc": [1.0, 1.0, 0.998046875], "final_val_acc": [1.0, 1.0, 0.886474609375], "step_val_acc_99": [6250, 4080, 7500]}}}