{"parameter_count": 1631585, "final_train_loss": 1.9845882654190063, "final_val_loss": 0.33603695034980774, "final_train_acc": 0.5589843988418579, "final_val_acc": 0.951416015625, "step_val_acc_99": 2250}