{"parameter_count": 1631585, "final_train_loss": 0.002294433070346713, "final_val_loss": 0.002567707560956478, "final_train_acc": 1.0, "final_val_acc": 1.0, "step_val_acc_99": 3310}