{"parameter_count": 1631585, "final_train_loss": 0.002904396504163742, "final_val_loss": 0.007688656449317932, "final_train_acc": 1.0, "final_val_acc": 0.999755859375, "step_val_acc_99": 4410}