{"parameter_count": 1631585, "final_train_loss": 0.0026275308337062597, "final_val_loss": 0.003096615197136998, "final_train_acc": 1.0, "final_val_acc": 1.0, "step_val_acc_99": 2430}