{"parameter_count": 1643384, "final_train_loss": 0.0002750851272139698, "final_val_loss": 0.0005328062688931823, "final_train_acc": 1.0, "final_val_acc": 1.0, "step_val_acc_99": 6250}