{"parameter_count": 1631585, "final_train_loss": 0.0035868422128260136, "final_val_loss": 0.007909301668405533, "final_train_acc": 1.0, "final_val_acc": 1.0, "step_val_acc_99": 4400}