{"parameter_count": 1631585, "final_train_loss": 0.4925190508365631, "final_val_loss": 0.24036723375320435, "final_train_acc": 0.908398449420929, "final_val_acc": 0.968505859375, "step_val_acc_99": 3930}