{"parameter_count": 1631585, "final_train_loss": 0.0010726553155109286, "final_val_loss": 0.0010842557530850172, "final_train_acc": 1.0, "final_val_acc": 1.0, "step_val_acc_99": 2450}