{"parameter_count": 1643384, "final_train_loss": 0.013683510012924671, "final_val_loss": 0.39289870858192444, "final_train_acc": 0.998046875, "final_val_acc": 0.886474609375, "step_val_acc_99": 7500}