{"parameter_count": 1643384, "final_train_loss": 0.0028282590210437775, "final_val_loss": 0.0032319785095751286, "final_train_acc": 1.0, "final_val_acc": 1.0, "step_val_acc_99": 4080}