{"final_train_loss": 0.00866361428052187, "final_val_loss": 0.01010900642722845, "final_train_acc": 1.0, "final_val_acc": 1.0, "step_val_acc_99": 3810}