{"final_train_loss": 4.575216293334961, "final_val_loss": 4.575338363647461, "final_train_acc": 0.010156250558793545, "final_val_acc": 0.0087890625, "step_val_acc_99": 7500}