{"final_train_loss": 2.442335844039917, "final_val_loss": 2.4319427013397217, "final_train_acc": 0.2333984375, "final_val_acc": 0.24658203125, "step_val_acc_99": 7500}