{"final_train_loss": 4.574505805969238, "final_val_loss": 4.575695514678955, "final_train_acc": 0.009179688058793545, "final_val_acc": 0.009033203125, "step_val_acc_99": 7500}