{"final_train_loss": 4.57435417175293, "final_val_loss": 4.574918746948242, "final_train_acc": 0.010546875186264515, "final_val_acc": 0.00927734375, "step_val_acc_99": 7500}