{"final_train_loss": 4.787172317504883, "final_val_loss": 4.787091255187988, "final_train_acc": 0.008984374813735485, "final_val_acc": 0.00341796875, "step_val_acc_99": 7500}