{"final_train_loss": 2.15509295463562, "final_val_loss": 1.9791284799575806, "final_train_acc": 0.22890625894069672, "final_val_acc": 0.224365234375, "step_val_acc_99": 7500}