{"x_div_y": {"means": {"final_train_loss_mean": 2.1066681146621704, "final_val_loss_mean": 2.0280085802078247, "final_train_acc_mean": 0.26152344048023224, "final_val_acc_mean": 0.263427734375, "step_val_acc_99_mean": 7500.0}, "stderrs": {"final_train_loss_stderr": 0.09860976052337143, "final_val_loss_stderr": 0.1039257919292524, "final_train_acc_stderr": 0.014330115019122548, "final_val_acc_stderr": 0.013520058892995629, "step_val_acc_99_stderr": 0.0}, "final_info_dict": {"final_train_loss": [1.7225755453109741, 2.442335844039917, 2.15509295463562], "final_val_loss": [1.6729545593261719, 2.4319427013397217, 1.9791284799575806], "final_train_acc": [0.322265625, 0.2333984375, 0.22890625894069672], "final_val_acc": [0.3193359375, 0.24658203125, 0.224365234375], "step_val_acc_99": [7500, 7500, 7500]}}, "x_minus_y": {"means": {"final_train_loss_mean": 3.507563829421997, "final_val_loss_mean": 3.5120228131612143, "final_train_acc_mean": 0.16425781852255264, "final_val_acc_mean": 0.160400390625, "step_val_acc_99_mean": 7500.0}, "stderrs": {"final_train_loss_stderr": 0.5030148871421215, "final_val_loss_stderr": 0.5010307958271425, "final_train_acc_stderr": 0.07264425381429666, "final_val_acc_stderr": 0.07089510075820935, "step_val_acc_99_stderr": 0.0}, "final_info_dict": {"final_train_loss": [1.3734524250030518, 4.57435417175293, 4.57488489151001], "final_val_loss": [1.386329174041748, 4.574918746948242, 4.574820518493652], "final_train_acc": [0.47246095538139343, 0.010546875186264515, 0.009765625], "final_val_acc": [0.461181640625, 0.00927734375, 0.0107421875], "step_val_acc_99": [7500, 7500, 7500]}}, "x_plus_y": {"means": {"final_train_loss_mean": 3.568186561266581, "final_val_loss_mean": 3.542318105697632, "final_train_acc_mean": 0.12630208767950535, "final_val_acc_mean": 0.1376953125, "step_val_acc_99_mean": 7500.0}, "stderrs": {"final_train_loss_stderr": 0.47455091463925014, "final_val_loss_stderr": 0.48705460339664075, "final_train_acc_stderr": 0.05498201128242442, "final_val_acc_stderr": 0.06070945360180922, "step_val_acc_99_stderr": 0.0}, "final_info_dict": {"final_train_loss": [1.5548375844955444, 4.575216293334961, 4.574505805969238], "final_val_loss": [1.4759204387664795, 4.575338363647461, 4.575695514678955], "final_train_acc": [0.35957032442092896, 0.010156250558793545, 0.009179688058793545], "final_val_acc": [0.395263671875, 0.0087890625, 0.009033203125], "step_val_acc_99": [7500, 7500, 7500]}}, "permutation": {"means": {"final_train_loss_mean": 4.787406285603841, "final_val_loss_mean": 4.787602583567302, "final_train_acc_mean": 0.008138020988553762, "final_val_acc_mean": 0.007975260416666666, "step_val_acc_99_mean": 7500.0}, "stderrs": {"final_train_loss_stderr": 0.00015461284122147008, "final_val_loss_stderr": 0.0001570173660773532, "final_train_acc_stderr": 0.0002396996429987132, "final_val_acc_stderr": 0.0011457634593067965, "step_val_acc_99_stderr": 0.0}, "final_info_dict": {"final_train_loss": [4.7880539894104, 4.787172317504883, 4.78699254989624], "final_val_loss": [4.7874884605407715, 4.787091255187988, 4.7882280349731445], "final_train_acc": [0.008203125558793545, 0.008984374813735485, 0.0072265625931322575], "final_val_acc": [0.01171875, 0.00341796875, 0.0087890625], "step_val_acc_99": [7500, 7500, 7500]}}}