{"final_train_loss": 1.3734524250030518, "final_val_loss": 1.386329174041748, "final_train_acc": 0.47246095538139343, "final_val_acc": 0.461181640625, "step_val_acc_99": 7500}