{"final_train_loss": 1.7225755453109741, "final_val_loss": 1.6729545593261719, "final_train_acc": 0.322265625, "final_val_acc": 0.3193359375, "step_val_acc_99": 7500}