{"final_train_loss": 4.78699254989624, "final_val_loss": 4.7882280349731445, "final_train_acc": 0.0072265625931322575, "final_val_acc": 0.0087890625, "step_val_acc_99": 7500}