{"final_train_loss": 4.57488489151001, "final_val_loss": 4.574820518493652, "final_train_acc": 0.009765625, "final_val_acc": 0.0107421875, "step_val_acc_99": 7500}