{"final_train_loss": 1.5548375844955444, "final_val_loss": 1.4759204387664795, "final_train_acc": 0.35957032442092896, "final_val_acc": 0.395263671875, "step_val_acc_99": 7500}