{"final_train_loss": 4.7880539894104, "final_val_loss": 4.7874884605407715, "final_train_acc": 0.008203125558793545, "final_val_acc": 0.01171875, "step_val_acc_99": 7500}