{"final_train_loss": 4.571177005767822, "final_val_loss": 4.574613094329834, "final_train_acc": 0.012500000186264515, "final_val_acc": 0.009765625, "step_val_acc_99": 7500}