{"final_train_loss": 4.572412014007568, "final_val_loss": 4.574739456176758, "final_train_acc": 0.012500000186264515, "final_val_acc": 0.01220703125, "step_val_acc_99": 7500}