{"final_train_loss": 4.788171768188477, "final_val_loss": 4.787459850311279, "final_train_acc": 0.0, "final_val_acc": 0.005615234375, "step_val_acc_99": 7500}