{"final_train_loss": 4.572417736053467, "final_val_loss": 4.574718952178955, "final_train_acc": 0.015625, "final_val_acc": 0.01171875, "step_val_acc_99": 7500}