{"final_train_loss": 4.574394226074219, "final_val_loss": 4.574589729309082, "final_train_acc": 0.0031250000465661287, "final_val_acc": 0.012451171875, "step_val_acc_99": 7500}