{"final_train_loss": 4.790749549865723, "final_val_loss": 4.788327217102051, "final_train_acc": 0.0, "final_val_acc": 0.009765625, "step_val_acc_99": 7500}