{"final_train_loss": 4.574796199798584, "final_val_loss": 4.575281620025635, "final_train_acc": 0.012500000186264515, "final_val_acc": 0.011474609375, "step_val_acc_99": 7500}