{"x_div_y": {"means": {"final_train_loss_mean": 4.574708620707194, "final_val_loss_mean": 4.575150330861409, "final_train_acc_mean": 0.008333333379899463, "final_val_acc_mean": 0.010091145833333334, "step_val_acc_99_mean": 7500.0}, "stderrs": {"final_train_loss_stderr": 9.90132184585472e-05, "final_val_loss_stderr": 0.0002436643696167659, "final_train_acc_stderr": 0.0017704928775317923, "final_val_acc_stderr": 0.0006655731416224663, "step_val_acc_99_stderr": 0.0}, "final_info_dict": {"final_train_loss": [4.575107097625732, 4.574624538421631, 4.574394226074219], "final_val_loss": [4.574678421020508, 4.576182842254639, 4.574589729309082], "final_train_acc": [0.0062500000931322575, 0.015625, 0.0031250000465661287], "final_val_acc": [0.01025390625, 0.007568359375, 0.012451171875], "step_val_acc_99": [7500, 7500, 7500]}}, "x_minus_y": {"means": {"final_train_loss_mean": 4.575602054595947, "final_val_loss_mean": 4.57514762878418, "final_train_acc_mean": 0.010416666744276881, "final_val_acc_mean": 0.010904947916666666, "step_val_acc_99_mean": 7500.0}, "stderrs": {"final_train_loss_stderr": 0.0010563035844169157, "final_val_loss_stderr": 0.00017999370529034935, "final_train_acc_stderr": 0.0017704928876788692, "final_val_acc_stderr": 0.00042719226747025884, "step_val_acc_99_stderr": 0.0}, "final_info_dict": {"final_train_loss": [4.578428745269775, 4.571177005767822, 4.577200412750244], "final_val_loss": [4.574942588806152, 4.574613094329834, 4.575887203216553], "final_train_acc": [0.015625, 0.012500000186264515, 0.0031250000465661287], "final_val_acc": [0.0126953125, 0.009765625, 0.01025390625], "step_val_acc_99": [7500, 7500, 7500]}}, "x_plus_y": {"means": {"final_train_loss_mean": 4.573208649953206, "final_val_loss_mean": 4.574913342793782, "final_train_acc_mean": 0.01354166679084301, "final_val_acc_mean": 0.011800130208333334, "step_val_acc_99_mean": 7500.0}, "stderrs": {"final_train_loss_stderr": 0.0003741898972368974, "final_val_loss_stderr": 8.684860949313121e-05, "final_train_acc_stderr": 0.0004910463465553466, "final_val_acc_stderr": 0.0001014989525492063, "step_val_acc_99_stderr": 0.0}, "final_info_dict": {"final_train_loss": [4.572417736053467, 4.572412014007568, 4.574796199798584], "final_val_loss": [4.574718952178955, 4.574739456176758, 4.575281620025635], "final_train_acc": [0.015625, 0.012500000186264515, 0.012500000186264515], "final_val_acc": [0.01171875, 0.01220703125, 0.011474609375], "step_val_acc_99": [7500, 7500, 7500]}}, "permutation": {"means": {"final_train_loss_mean": 4.789206822713216, "final_val_loss_mean": 4.788114865620931, "final_train_acc_mean": 0.004166666728754838, "final_val_acc_mean": 0.008056640625, "step_val_acc_99_mean": 7500.0}, "stderrs": {"final_train_loss_stderr": 0.0003706389094947078, "final_val_loss_stderr": 0.00015753770536350883, "final_train_acc_stderr": 0.0019641855325646103, "final_val_acc_stderr": 0.0005905908489875554, "step_val_acc_99_stderr": 0.0}, "final_info_dict": {"final_train_loss": [4.788171768188477, 4.788699150085449, 4.790749549865723], "final_val_loss": [4.787459850311279, 4.788557529449463, 4.788327217102051], "final_train_acc": [0.0, 0.012500000186264515, 0.0], "final_val_acc": [0.005615234375, 0.0087890625, 0.009765625], "step_val_acc_99": [7500, 7500, 7500]}}}