{"final_train_loss": 4.577200412750244, "final_val_loss": 4.575887203216553, "final_train_acc": 0.0031250000465661287, "final_val_acc": 0.01025390625, "step_val_acc_99": 7500}