{"final_train_loss": 4.575107097625732, "final_val_loss": 4.574678421020508, "final_train_acc": 0.0062500000931322575, "final_val_acc": 0.01025390625, "step_val_acc_99": 7500}