{"final_train_loss": 4.788699150085449, "final_val_loss": 4.788557529449463, "final_train_acc": 0.012500000186264515, "final_val_acc": 0.0087890625, "step_val_acc_99": 7500}