{"final_train_loss": 4.578428745269775, "final_val_loss": 4.574942588806152, "final_train_acc": 0.015625, "final_val_acc": 0.0126953125, "step_val_acc_99": 7500}