{"final_train_loss": 4.574624538421631, "final_val_loss": 4.576182842254639, "final_train_acc": 0.015625, "final_val_acc": 0.007568359375, "step_val_acc_99": 7500}