{"final_train_loss": 0.0067255147732794285, "final_val_loss": 0.007748352363705635, "final_train_acc": 1.0, "final_val_acc": 1.0, "step_val_acc_99": 4420}