{"final_train_loss": 0.0030293799936771393, "final_val_loss": 0.0031186961568892, "final_train_acc": 1.0, "final_val_acc": 1.0, "step_val_acc_99": 2780}