{"x_div_y": {"means": {"final_train_loss_mean": 0.0071290188158551855, "final_val_loss_mean": 0.008281217887997627, "final_train_acc_mean": 1.0, "final_val_acc_mean": 1.0, "step_val_acc_99_mean": 4353.333333333333}, "stderrs": {"final_train_loss_stderr": 0.0004698911392654037, "final_val_loss_stderr": 0.0006200848246489766, "final_train_acc_stderr": 0.0, "final_val_acc_stderr": 0.0, "step_val_acc_99_stderr": 163.75983619501238}, "final_info_dict": {"final_train_loss": [0.007463778834789991, 0.00866361428052187, 0.0052596633322536945], "final_val_loss": [0.009005985222756863, 0.01010900642722845, 0.005728662014007568], "final_train_acc": [1.0, 1.0, 1.0], "final_val_acc": [1.0, 1.0, 1.0], "step_val_acc_99": [5000, 3810, 4250]}}, "x_minus_y": {"means": {"final_train_loss_mean": 0.006014337918410699, "final_val_loss_mean": 0.007335097063332796, "final_train_acc_mean": 1.0, "final_val_acc_mean": 1.0, "step_val_acc_99_mean": 4403.333333333333}, "stderrs": {"final_train_loss_stderr": 0.00021206750831376535, "final_val_loss_stderr": 0.00013354813108222655, "final_train_acc_stderr": 0.0, "final_val_acc_stderr": 0.0, "step_val_acc_99_stderr": 159.2652884302334}, "final_info_dict": {"final_train_loss": [0.0067255147732794285, 0.005181464366614819, 0.006136034615337849], "final_val_loss": [0.007748352363705635, 0.006792777683585882, 0.007464161142706871], "final_train_acc": [1.0, 1.0, 1.0], "final_val_acc": [1.0, 1.0, 1.0], "step_val_acc_99": [4420, 4980, 3810]}}, "x_plus_y": {"means": {"final_train_loss_mean": 0.0029467708275963864, "final_val_loss_mean": 0.003054410684853792, "final_train_acc_mean": 1.0, "final_val_acc_mean": 1.0, "step_val_acc_99_mean": 2640.0}, "stderrs": {"final_train_loss_stderr": 7.005103401816383e-05, "final_val_loss_stderr": 6.921442687132619e-05, "final_train_acc_stderr": 0.0, "final_val_acc_stderr": 0.0, "step_val_acc_99_stderr": 59.0668171555645}, "final_info_dict": {"final_train_loss": [0.0026582248974591494, 0.0030293799936771393, 0.00315270759165287], "final_val_loss": [0.0027741265948861837, 0.0031186961568892, 0.0032704093027859926], "final_train_acc": [1.0, 1.0, 1.0], "final_val_acc": [1.0, 1.0, 1.0], "step_val_acc_99": [2750, 2780, 2390]}}, "permutation": {"means": {"final_train_loss_mean": 0.12446165302147467, "final_val_loss_mean": 8.616557439168295, "final_train_acc_mean": 0.9800130526224772, "final_val_acc_mean": 0.009114583333333334, "step_val_acc_99_mean": 7500.0}, "stderrs": {"final_train_loss_stderr": 0.04409062685559744, "final_val_loss_stderr": 0.1716229021071276, "final_train_acc_stderr": 0.008556570832125458, "final_val_acc_stderr": 0.0005955538845513279, "step_val_acc_99_stderr": 0.0}, "final_info_dict": {"final_train_loss": [0.011645752005279064, 0.31009113788604736, 0.05164806917309761], "final_val_loss": [8.588760375976562, 8.000332832336426, 9.260579109191895], "final_train_acc": [0.9996094107627869, 0.9437500238418579, 0.9966797232627869], "final_val_acc": [0.010498046875, 0.01025390625, 0.006591796875], "step_val_acc_99": [7500, 7500, 7500]}}}