{"parameter_count": 224353, "final_train_loss": 0.0014018889050930738, "final_val_loss": 0.001952109974808991, "final_train_acc": 1.0, "final_val_acc": 1.0, "step_val_acc_99": 5740}