{"parameter_count": 224353, "final_train_loss": 0.007244704756885767, "final_val_loss": 0.00954413041472435, "final_train_acc": 1.0, "final_val_acc": 1.0, "step_val_acc_99": 3350}