{"parameter_count": 230264, "final_train_loss": 0.0762048289179802, "final_val_loss": 7.673900127410889, "final_train_acc": 0.9908203482627869, "final_val_acc": 0.013427734375, "step_val_acc_99": 7500}