{"parameter_count": 224353, "final_train_loss": 0.005580834578722715, "final_val_loss": 0.006484069861471653, "final_train_acc": 1.0, "final_val_acc": 1.0, "step_val_acc_99": 2530}