{"x_div_y": {"means": {"parameter_count_mean": 224353.0, "final_train_loss_mean": 0.08512254160208006, "final_val_loss_mean": 0.054101410477111735, "final_train_acc_mean": 0.990234375, "final_val_acc_mean": 0.9947916666666666, "step_val_acc_99_mean": 3626.6666666666665}, "stderrs": {"parameter_count_stderr": 0.0, "final_train_loss_stderr": 0.038227913326968586, "final_val_loss_stderr": 0.02336199534937453, "final_train_acc_stderr": 0.004603559773349919, "final_val_acc_stderr": 0.0024552318791199565, "step_val_acc_99_stderr": 38.52207960746603}, "final_info_dict": {"parameter_count": [224353, 224353, 224353], "final_train_loss": [0.004682578146457672, 0.24730809032917023, 0.003376956330612302], "final_val_loss": [0.005503211636096239, 0.1532118022441864, 0.0035892175510525703], "final_train_acc": [1.0, 0.970703125, 1.0], "final_val_acc": [1.0, 0.984375, 1.0], "step_val_acc_99": [3540, 3550, 3790]}}, "x_minus_y": {"means": {"parameter_count_mean": 224353.0, "final_train_loss_mean": 0.003743585509558519, "final_val_loss_mean": 0.0047827006395285325, "final_train_acc_mean": 1.0, "final_val_acc_mean": 1.0, "step_val_acc_99_mean": 4366.666666666667}, "stderrs": {"parameter_count_stderr": 0.0, "final_train_loss_stderr": 0.0008407589128204782, "final_val_loss_stderr": 0.0011289391396164404, "final_train_acc_stderr": 0.0, "final_val_acc_stderr": 0.0, "step_val_acc_99_stderr": 335.92694679088623}, "final_info_dict": {"parameter_count": [224353, 224353, 224353], "final_train_loss": [0.0014018889050930738, 0.0025841628666967154, 0.007244704756885767], "final_val_loss": [0.001952109974808991, 0.0028518615290522575, 0.00954413041472435], "final_train_acc": [1.0, 1.0, 1.0], "final_val_acc": [1.0, 1.0, 1.0], "step_val_acc_99": [5740, 4010, 3350]}}, "x_plus_y": {"means": {"parameter_count_mean": 224353.0, "final_train_loss_mean": 0.004954648941444854, "final_val_loss_mean": 0.005397397365110616, "final_train_acc_mean": 1.0, "final_val_acc_mean": 1.0, "step_val_acc_99_mean": 2730.0}, "stderrs": {"parameter_count_stderr": 0.0, "final_train_loss_stderr": 0.0008564886118450099, "final_val_loss_stderr": 0.0009177203545420114, "final_train_acc_stderr": 0.0, "final_val_acc_stderr": 0.0, "step_val_acc_99_stderr": 60.614140875492694}, "final_info_dict": {"parameter_count": [224353, 224353, 224353], "final_train_loss": [0.00774141913279891, 0.0015416931128129363, 0.005580834578722715], "final_val_loss": [0.008091992698609829, 0.0016161295352503657, 0.006484069861471653], "final_train_acc": [1.0, 1.0, 1.0], "final_val_acc": [1.0, 1.0, 1.0], "step_val_acc_99": [2690, 2970, 2530]}}, "permutation": {"means": {"parameter_count_mean": 230264.0, "final_train_loss_mean": 0.1398830090959867, "final_val_loss_mean": 6.589475790659587, "final_train_acc_mean": 0.9785807530085245, "final_val_acc_mean": 0.048502604166666664, "step_val_acc_99_mean": 7500.0}, "stderrs": {"parameter_count_stderr": 0.0, "final_train_loss_stderr": 0.01551090049625631, "final_val_loss_stderr": 0.5290237370027593, "final_train_acc_stderr": 0.0030565892251647984, "final_val_acc_stderr": 0.01752181380623823, "step_val_acc_99_stderr": 0.0}, "final_info_dict": {"parameter_count": [230264, 230264, 230264], "final_train_loss": [0.0762048289179802, 0.18610109388828278, 0.15734310448169708], "final_val_loss": [7.673900127410889, 7.749089241027832, 4.345438003540039], "final_train_acc": [0.9908203482627869, 0.96875, 0.9761719107627869], "final_val_acc": [0.013427734375, 0.00927734375, 0.122802734375], "step_val_acc_99": [7500, 7500, 7500]}}}