{"parameter_count": 230264, "final_train_loss": 0.15734310448169708, "final_val_loss": 4.345438003540039, "final_train_acc": 0.9761719107627869, "final_val_acc": 0.122802734375, "step_val_acc_99": 7500}