{"parameter_count": 224353, "final_train_loss": 0.24730809032917023, "final_val_loss": 0.1532118022441864, "final_train_acc": 0.970703125, "final_val_acc": 0.984375, "step_val_acc_99": 3550}