{"parameter_count": 224353, "final_train_loss": 0.0015416931128129363, "final_val_loss": 0.0016161295352503657, "final_train_acc": 1.0, "final_val_acc": 1.0, "step_val_acc_99": 2970}