{"parameter_count": 224353, "final_train_loss": 0.00774141913279891, "final_val_loss": 0.008091992698609829, "final_train_acc": 1.0, "final_val_acc": 1.0, "step_val_acc_99": 2690}