{"parameter_count": 224353, "final_train_loss": 0.003376956330612302, "final_val_loss": 0.0035892175510525703, "final_train_acc": 1.0, "final_val_acc": 1.0, "step_val_acc_99": 3790}