{"parameter_count": 230264, "final_train_loss": 0.18610109388828278, "final_val_loss": 7.749089241027832, "final_train_acc": 0.96875, "final_val_acc": 0.00927734375, "step_val_acc_99": 7500}