{"parameter_count": 224353, "final_train_loss": 0.004682578146457672, "final_val_loss": 0.005503211636096239, "final_train_acc": 1.0, "final_val_acc": 1.0, "step_val_acc_99": 3540}