{"parameter_count": 224353, "final_train_loss": 0.0025841628666967154, "final_val_loss": 0.0028518615290522575, "final_train_acc": 1.0, "final_val_acc": 1.0, "step_val_acc_99": 4010}