{"final_train_loss": 0.05164806917309761, "final_val_loss": 9.260579109191895, "final_train_acc": 0.9966797232627869, "final_val_acc": 0.006591796875, "step_val_acc_99": 7500}