{"final_train_loss": 0.007463778834789991, "final_val_loss": 0.009005985222756863, "final_train_acc": 1.0, "final_val_acc": 1.0, "step_val_acc_99": 5000}