{"final_train_loss": 4.787540435791016, "final_val_loss": 4.787642478942871, "final_train_acc": 0.008593750186264515, "final_val_acc": 0.01025390625, "step_val_acc_99": 7500}