{"final_train_loss": 1.5736061334609985, "final_val_loss": 1.7538472414016724, "final_train_acc": 0.4111328125, "final_val_acc": 0.29736328125, "step_val_acc_99": 7500}