{"final_train_loss": 1.7609503269195557, "final_val_loss": 1.7627112865447998, "final_train_acc": 0.3843750059604645, "final_val_acc": 0.392822265625, "step_val_acc_99": 7500}