{"final_train_loss": 1.689632773399353, "final_val_loss": 1.7470210790634155, "final_train_acc": 0.240234375, "final_val_acc": 0.2353515625, "step_val_acc_99": 7500}