{"x_div_y": {"means": {"final_train_loss_mean": 1.6747297445933025, "final_val_loss_mean": 1.7545265356699626, "final_train_acc_mean": 0.34524739782015484, "final_val_acc_mean": 0.3085123697916667, "step_val_acc_99_mean": 7500.0}, "stderrs": {"final_train_loss_stderr": 0.025735171071907714, "final_val_loss_stderr": 0.0021411615613514414, "final_train_acc_stderr": 0.025018210070195123, "final_val_acc_stderr": 0.021589576046397458, "step_val_acc_99_stderr": 0.0}, "final_info_dict": {"final_train_loss": [1.7609503269195557, 1.5736061334609985, 1.689632773399353], "final_val_loss": [1.7627112865447998, 1.7538472414016724, 1.7470210790634155], "final_train_acc": [0.3843750059604645, 0.4111328125, 0.240234375], "final_val_acc": [0.392822265625, 0.29736328125, 0.2353515625], "step_val_acc_99": [7500, 7500, 7500]}}, "x_minus_y": {"means": {"final_train_loss_mean": 2.0797253052393594, "final_val_loss_mean": 2.0885650714238486, "final_train_acc_mean": 0.2822265724341075, "final_val_acc_mean": 0.2670084635416667, "step_val_acc_99_mean": 7500.0}, "stderrs": {"final_train_loss_stderr": 0.11280536604610954, "final_val_loss_stderr": 0.109552600787711, "final_train_acc_stderr": 0.02187816653661501, "final_val_acc_stderr": 0.01552753900061163, "step_val_acc_99_stderr": 0.0}, "final_info_dict": {"final_train_loss": [2.3774654865264893, 1.6063536405563354, 2.255356788635254], "final_val_loss": [2.388275623321533, 1.631050705909729, 2.246368885040283], "final_train_acc": [0.22343750298023224, 0.37382814288139343, 0.24941407144069672], "final_val_acc": [0.218994140625, 0.330078125, 0.251953125], "step_val_acc_99": [7500, 7500, 7500]}}, "x_plus_y": {"means": {"final_train_loss_mean": 2.59316615263621, "final_val_loss_mean": 2.570964495340983, "final_train_acc_mean": 0.23899740570535263, "final_val_acc_mean": 0.251708984375, "step_val_acc_99_mean": 7500.0}, "stderrs": {"final_train_loss_stderr": 0.4678975948746482, "final_val_loss_stderr": 0.47328509533982094, "final_train_acc_stderr": 0.054842327656342484, "final_val_acc_stderr": 0.056958743628700244, "step_val_acc_99_stderr": 0.0}, "final_info_dict": {"final_train_loss": [4.5747480392456055, 1.704991340637207, 1.4997590780258179], "final_val_loss": [4.57475471496582, 1.681328535079956, 1.4568102359771729], "final_train_acc": [0.008007812313735485, 0.33027344942092896, 0.37871095538139343], "final_val_acc": [0.01123046875, 0.351318359375, 0.392578125], "step_val_acc_99": [7500, 7500, 7500]}}, "permutation": {"means": {"final_train_loss_mean": 4.787609577178955, "final_val_loss_mean": 4.787416299184163, "final_train_acc_mean": 0.008658854446063438, "final_val_acc_mean": 0.009114583333333334, "step_val_acc_99_mean": 7500.0}, "stderrs": {"final_train_loss_stderr": 5.224698357230378e-05, "final_val_loss_stderr": 0.00013485832175157237, "final_train_acc_stderr": 0.0004520978141059118, "final_val_acc_stderr": 0.0003344408638763551, "step_val_acc_99_stderr": 0.0}, "final_info_dict": {"final_train_loss": [4.7878265380859375, 4.787540435791016, 4.787461757659912], "final_val_loss": [4.7877583503723145, 4.787642478942871, 4.786848068237305], "final_train_acc": [0.007031250279396772, 0.008593750186264515, 0.01035156287252903], "final_val_acc": [0.0078125, 0.01025390625, 0.00927734375], "step_val_acc_99": [7500, 7500, 7500]}}}