{"final_train_loss": 4.787461757659912, "final_val_loss": 4.786848068237305, "final_train_acc": 0.01035156287252903, "final_val_acc": 0.00927734375, "step_val_acc_99": 7500}