{"final_train_loss": 4.5747480392456055, "final_val_loss": 4.57475471496582, "final_train_acc": 0.008007812313735485, "final_val_acc": 0.01123046875, "step_val_acc_99": 7500}