{"final_train_loss": 2.255356788635254, "final_val_loss": 2.246368885040283, "final_train_acc": 0.24941407144069672, "final_val_acc": 0.251953125, "step_val_acc_99": 7500}