{"final_train_loss": 1.704991340637207, "final_val_loss": 1.681328535079956, "final_train_acc": 0.33027344942092896, "final_val_acc": 0.351318359375, "step_val_acc_99": 7500}