{"final_train_loss": 1.6063536405563354, "final_val_loss": 1.631050705909729, "final_train_acc": 0.37382814288139343, "final_val_acc": 0.330078125, "step_val_acc_99": 7500}