{"final_train_loss": 4.7878265380859375, "final_val_loss": 4.7877583503723145, "final_train_acc": 0.007031250279396772, "final_val_acc": 0.0078125, "step_val_acc_99": 7500}