{"final_train_loss": 1.4997590780258179, "final_val_loss": 1.4568102359771729, "final_train_acc": 0.37871095538139343, "final_val_acc": 0.392578125, "step_val_acc_99": 7500}