{"final_train_loss": 2.3774654865264893, "final_val_loss": 2.388275623321533, "final_train_acc": 0.22343750298023224, "final_val_acc": 0.218994140625, "step_val_acc_99": 7500}