{"final_train_loss": 1.0828505754470825, "final_val_loss": 1.238375186920166, "final_train_acc": 0.5450097918510437, "final_val_acc": 0.432373046875, "step_val_acc_99": 7500}