{"final_train_loss": 1.029154658317566, "final_val_loss": 1.0320537090301514, "final_train_acc": 0.5827788710594177, "final_val_acc": 0.6337890625, "step_val_acc_99": 7500}