{"final_train_loss": 1.3712772130966187, "final_val_loss": 1.3688361644744873, "final_train_acc": 0.3407045006752014, "final_val_acc": 0.325439453125, "step_val_acc_99": 7500}