{"final_train_loss": 1.3725886344909668, "final_val_loss": 1.3525376319885254, "final_train_acc": 0.445988267660141, "final_val_acc": 0.471435546875, "step_val_acc_99": 7500}