{"final_train_loss": 1.5732461214065552, "final_val_loss": 1.512953758239746, "final_train_acc": 0.3054794669151306, "final_val_acc": 0.321044921875, "step_val_acc_99": 7500}