{"final_train_loss": 1.839867115020752, "final_val_loss": 1.8761669397354126, "final_train_acc": 0.2663405239582062, "final_val_acc": 0.27197265625, "step_val_acc_99": 7500}