{"final_train_loss": 3.8542160987854004, "final_val_loss": 3.8396825790405273, "final_train_acc": 0.03052837774157524, "final_val_acc": 0.03369140625, "step_val_acc_99": 7500}