{"final_train_loss": 0.9701915383338928, "final_val_loss": 0.9164513945579529, "final_train_acc": 0.6136986613273621, "final_val_acc": 0.661376953125, "step_val_acc_99": 7500}