{"final_train_loss": 4.105973243713379, "final_val_loss": 4.126461029052734, "final_train_acc": 0.01702544093132019, "final_val_acc": 0.018310546875, "step_val_acc_99": 7500}