{"x_div_y": {"means": {"final_train_loss_mean": 2.266246477762858, "final_val_loss_mean": 2.2404908339182534, "final_train_acc_mean": 0.22557078177730241, "final_val_acc_mean": 0.22672526041666666, "step_val_acc_99_mean": 7500.0}, "stderrs": {"final_train_loss_stderr": 0.37529578438078376, "final_val_loss_stderr": 0.3774429707679264, "final_train_acc_stderr": 0.04622117141958059, "final_val_acc_stderr": 0.04550244569499881, "step_val_acc_99_stderr": 0.0}, "final_info_dict": {"final_train_loss": [1.3712772130966187, 1.5732461214065552, 3.8542160987854004], "final_val_loss": [1.3688361644744873, 1.512953758239746, 3.8396825790405273], "final_train_acc": [0.3407045006752014, 0.3054794669151306, 0.03052837774157524], "final_val_acc": [0.325439453125, 0.321044921875, 0.03369140625], "step_val_acc_99": [7500, 7500, 7500]}}, "x_minus_y": {"means": {"final_train_loss_mean": 2.595820109049479, "final_val_loss_mean": 2.601343035697937, "final_train_acc_mean": 0.2403783512612184, "final_val_acc_mean": 0.2520345052083333, "step_val_acc_99_mean": 7500.0}, "stderrs": {"final_train_loss_stderr": 0.4708121954047048, "final_val_loss_stderr": 0.4706968147228477, "final_train_acc_stderr": 0.05980682005608478, "final_val_acc_stderr": 0.06260327648438084, "step_val_acc_99_stderr": 0.0}, "final_info_dict": {"final_train_loss": [1.3725886344909668, 4.575004577636719, 1.839867115020752], "final_val_loss": [1.3525376319885254, 4.575324535369873, 1.8761669397354126], "final_train_acc": [0.445988267660141, 0.008806262165307999, 0.2663405239582062], "final_val_acc": [0.471435546875, 0.0126953125, 0.27197265625], "step_val_acc_99": [7500, 7500, 7500]}}, "x_plus_y": {"means": {"final_train_loss_mean": 1.0273989240328472, "final_val_loss_mean": 1.0622934301694233, "final_train_acc_mean": 0.5804957747459412, "final_val_acc_mean": 0.5758463541666666, "step_val_acc_99_mean": 7500.0}, "stderrs": {"final_train_loss_stderr": 0.015336537377746396, "final_val_loss_stderr": 0.04438431702765444, "final_train_acc_stderr": 0.009362848545917402, "final_val_acc_stderr": 0.03402473539907564, "step_val_acc_99_stderr": 0.0}, "final_info_dict": {"final_train_loss": [0.9701915383338928, 1.029154658317566, 1.0828505754470825], "final_val_loss": [0.9164513945579529, 1.0320537090301514, 1.238375186920166], "final_train_acc": [0.6136986613273621, 0.5827788710594177, 0.5450097918510437], "final_val_acc": [0.661376953125, 0.6337890625, 0.432373046875], "step_val_acc_99": [7500, 7500, 7500]}}, "permutation": {"means": {"final_train_loss_mean": 4.347664674123128, "final_val_loss_mean": 4.353273868560791, "final_train_acc_mean": 0.01917808239037792, "final_val_acc_mean": 0.019612630208333332, "step_val_acc_99_mean": 7500.0}, "stderrs": {"final_train_loss_stderr": 0.103821710065281, "final_val_loss_stderr": 0.10238298542546799, "final_train_acc_stderr": 0.003841838634895708, "final_val_acc_stderr": 0.0036674303871377175, "step_val_acc_99_stderr": 0.0}, "final_info_dict": {"final_train_loss": [4.787422180175781, 4.149598598480225, 4.105973243713379], "final_val_loss": [4.787503719329834, 4.145856857299805, 4.126461029052734], "final_train_acc": [0.0062622311525046825, 0.034246575087308884, 0.01702544093132019], "final_val_acc": [0.0068359375, 0.03369140625, 0.018310546875], "step_val_acc_99": [7500, 7500, 7500]}}}