{"final_train_loss": 4.575004577636719, "final_val_loss": 4.575324535369873, "final_train_acc": 0.008806262165307999, "final_val_acc": 0.0126953125, "step_val_acc_99": 7500}