{"final_train_loss": 4.149598598480225, "final_val_loss": 4.145856857299805, "final_train_acc": 0.034246575087308884, "final_val_acc": 0.03369140625, "step_val_acc_99": 7500}