{"final_train_loss": 4.787422180175781, "final_val_loss": 4.787503719329834, "final_train_acc": 0.0062622311525046825, "final_val_acc": 0.0068359375, "step_val_acc_99": 7500}