{"final_train_loss": 0.005607596132904291, "final_val_loss": 0.0063360631465911865, "final_train_acc": 1.0, "final_val_acc": 1.0, "step_val_acc_99": 3540}