{"final_train_loss": 0.01614009402692318, "final_val_loss": 8.019381523132324, "final_train_acc": 0.999804675579071, "final_val_acc": 0.01025390625, "step_val_acc_99": 7500}