{"final_train_loss": 0.005383200943470001, "final_val_loss": 0.00630866177380085, "final_train_acc": 1.0, "final_val_acc": 1.0, "step_val_acc_99": 4310}