{"final_train_loss": 0.0020759706385433674, "final_val_loss": 0.002477868227288127, "final_train_acc": 1.0, "final_val_acc": 1.0, "step_val_acc_99": 1800}