{"final_train_loss": 0.010728254914283752, "final_val_loss": 0.04440702870488167, "final_train_acc": 1.0, "final_val_acc": 0.992919921875, "step_val_acc_99": 2410}