{"final_train_loss": 0.0046199653297662735, "final_val_loss": 0.007890955545008183, "final_train_acc": 1.0, "final_val_acc": 0.99951171875, "step_val_acc_99": 2410}