{"final_train_loss": 0.00828852690756321, "final_val_loss": 1.815786600112915, "final_train_acc": 0.999804675579071, "final_val_acc": 0.47998046875, "step_val_acc_99": 7500}