{"final_train_loss": 0.004564295988529921, "final_val_loss": 0.0046618920750916, "final_train_acc": 1.0, "final_val_acc": 1.0, "step_val_acc_99": 1580}