{"final_train_loss": 0.0059494017623364925, "final_val_loss": 0.008402688428759575, "final_train_acc": 1.0, "final_val_acc": 1.0, "step_val_acc_99": 3450}