{"final_train_loss": 0.008742377161979675, "final_val_loss": 0.0156157948076725, "final_train_acc": 1.0, "final_val_acc": 0.99853515625, "step_val_acc_99": 3450}