{"final_train_loss": 0.005501635372638702, "final_val_loss": 0.005768836010247469, "final_train_acc": 1.0, "final_val_acc": 1.0, "step_val_acc_99": 1590}