{"final_train_loss": 0.053920526057481766, "final_val_loss": 8.634069442749023, "final_train_acc": 0.9957031607627869, "final_val_acc": 0.010498046875, "step_val_acc_99": 7500}