{"final_train_loss": 0.004276823252439499, "final_val_loss": 0.004361901897937059, "final_train_acc": 1.0, "final_val_acc": 1.0, "step_val_acc_99": 2560}