{"x_div_y": {"means": {"final_train_loss_mean": 0.006248514478405316, "final_val_loss_mean": 0.009938470708827177, "final_train_acc_mean": 1.0, "final_val_acc_mean": 0.9993489583333334, "step_val_acc_99_mean": 3390.0}, "stderrs": {"final_train_loss_stderr": 0.0005969146265589381, "final_val_loss_stderr": 0.0013553712102456648, "final_train_acc_stderr": 0.0, "final_val_acc_stderr": 0.0002029979050984126, "step_val_acc_99_stderr": 258.943723329707}, "final_info_dict": {"final_train_loss": [0.005383200943470001, 0.008742377161979675, 0.0046199653297662735], "final_val_loss": [0.00630866177380085, 0.0156157948076725, 0.007890955545008183], "final_train_acc": [1.0, 1.0, 1.0], "final_val_acc": [1.0, 0.99853515625, 0.99951171875], "step_val_acc_99": [4310, 3450, 2410]}}, "x_minus_y": {"means": {"final_train_loss_mean": 0.006984826643019915, "final_val_loss_mean": 0.019057206343859434, "final_train_acc_mean": 1.0, "final_val_acc_mean": 0.9976399739583334, "step_val_acc_99_mean": 2806.6666666666665}, "stderrs": {"final_train_loss_stderr": 0.0009112190099192252, "final_val_loss_stderr": 0.006000259928002232, "final_train_acc_stderr": 0.0, "final_val_acc_stderr": 0.0011125269452262304, "step_val_acc_99_stderr": 153.00286449347894}, "final_info_dict": {"final_train_loss": [0.0059494017623364925, 0.010728254914283752, 0.004276823252439499], "final_val_loss": [0.008402688428759575, 0.04440702870488167, 0.004361901897937059], "final_train_acc": [1.0, 1.0, 1.0], "final_val_acc": [1.0, 0.992919921875, 1.0], "step_val_acc_99": [3450, 2410, 2560]}}, "x_plus_y": {"means": {"final_train_loss_mean": 0.0040473006665706635, "final_val_loss_mean": 0.0043028654375423985, "final_train_acc_mean": 1.0, "final_val_acc_mean": 1.0, "step_val_acc_99_mean": 1656.6666666666667}, "stderrs": {"final_train_loss_stderr": 0.00048183736612340036, "final_val_loss_stderr": 0.00045576897428830596, "final_train_acc_stderr": 0.0, "final_val_acc_stderr": 0.0, "step_val_acc_99_stderr": 33.81138678822875}, "final_info_dict": {"final_train_loss": [0.005501635372638702, 0.0020759706385433674, 0.004564295988529921], "final_val_loss": [0.005768836010247469, 0.002477868227288127, 0.0046618920750916], "final_train_acc": [1.0, 1.0, 1.0], "final_val_acc": [1.0, 1.0, 1.0], "step_val_acc_99": [1590, 1800, 1580]}}, "permutation": {"means": {"final_train_loss_mean": 0.055696310475468636, "final_val_loss_mean": 6.589879433314006, "final_train_acc_mean": 0.993945320447286, "final_val_acc_mean": 0.16634114583333334, "step_val_acc_99_mean": 7500.0}, "stderrs": {"final_train_loss_stderr": 0.013151080385055849, "final_val_loss_stderr": 1.1291269095403844, "final_train_acc_stderr": 0.0018801468778059207, "final_val_acc_stderr": 0.073925975154347, "step_val_acc_99_stderr": 0.0}, "final_info_dict": {"final_train_loss": [0.00828852690756321, 0.053920526057481766, 0.10487987846136093], "final_val_loss": [1.815786600112915, 8.634069442749023, 9.319782257080078], "final_train_acc": [0.999804675579071, 0.9957031607627869, 0.986328125], "final_val_acc": [0.47998046875, 0.010498046875, 0.008544921875], "step_val_acc_99": [7500, 7500, 7500]}}}