{"final_train_loss": 0.10487987846136093, "final_val_loss": 9.319782257080078, "final_train_acc": 0.986328125, "final_val_acc": 0.008544921875, "step_val_acc_99": 7500}