{"final_train_loss": 1.3806439638137817, "final_val_loss": 1.3806872367858887, "final_train_acc": 0.34062501788139343, "final_val_acc": 0.33740234375, "step_val_acc_99": 7500}