{"final_train_loss": 4.7872443199157715, "final_val_loss": 4.787768840789795, "final_train_acc": 0.010156250558793545, "final_val_acc": 0.007080078125, "step_val_acc_99": 7500}