{"final_train_loss": 1.4539257287979126, "final_val_loss": 1.5104117393493652, "final_train_acc": 0.30546876788139343, "final_val_acc": 0.287353515625, "step_val_acc_99": 7500}