{"final_train_loss": 1.3635808229446411, "final_val_loss": 1.3609111309051514, "final_train_acc": 0.4261718690395355, "final_val_acc": 0.404052734375, "step_val_acc_99": 7500}