{"final_train_loss": 0.025475455448031425, "final_val_loss": 0.024859879165887833, "final_train_acc": 1.0, "final_val_acc": 1.0, "step_val_acc_99": 6190}