{"final_train_loss": 0.015816695988178253, "final_val_loss": 0.015436699613928795, "final_train_acc": 1.0, "final_val_acc": 1.0, "step_val_acc_99": 2510}