{"final_train_loss": 1.0519999265670776, "final_val_loss": 0.9921808242797852, "final_train_acc": 0.568164050579071, "final_val_acc": 0.60107421875, "step_val_acc_99": 7500}