{"final_train_loss": 1.6411548852920532, "final_val_loss": 1.5664714574813843, "final_train_acc": 0.3460937440395355, "final_val_acc": 0.433349609375, "step_val_acc_99": 7500}