{"final_train_loss": 4.280534267425537, "final_val_loss": 4.300001621246338, "final_train_acc": 0.01875000074505806, "final_val_acc": 0.022216796875, "step_val_acc_99": 7500}