{"x_div_y": {"means": {"final_train_loss_mean": 1.5077176888783772, "final_val_loss_mean": 1.510762373606364, "final_train_acc_mean": 0.31985678275426227, "final_val_acc_mean": 0.31591796875, "step_val_acc_99_mean": 7500.0}, "stderrs": {"final_train_loss_stderr": 0.043781317947982394, "final_val_loss_stderr": 0.03544977977490033, "final_train_acc_stderr": 0.005014947186940251, "final_val_acc_stderr": 0.007012248167332724, "step_val_acc_99_stderr": 0.0}, "final_info_dict": {"final_train_loss": [1.6885833740234375, 1.3806439638137817, 1.4539257287979126], "final_val_loss": [1.641188144683838, 1.3806872367858887, 1.5104117393493652], "final_train_acc": [0.3134765625, 0.34062501788139343, 0.30546876788139343], "final_val_acc": [0.322998046875, 0.33740234375, 0.287353515625], "step_val_acc_99": [7500, 7500, 7500]}}, "x_minus_y": {"means": {"final_train_loss_mean": 1.5455852349599202, "final_val_loss_mean": 1.461051066716512, "final_train_acc_mean": 0.3548828065395355, "final_val_acc_mean": 0.4324544270833333, "step_val_acc_99_mean": 7500.0}, "stderrs": {"final_train_loss_stderr": 0.042916858504363435, "final_val_loss_stderr": 0.02800089200817099, "final_train_acc_stderr": 0.01832386427359022, "final_val_acc_stderr": 0.007611068001506706, "step_val_acc_99_stderr": 0.0}, "final_info_dict": {"final_train_loss": [1.3635808229446411, 1.6320199966430664, 1.6411548852920532], "final_val_loss": [1.3609111309051514, 1.4557706117630005, 1.5664714574813843], "final_train_acc": [0.4261718690395355, 0.2923828065395355, 0.3460937440395355], "final_val_acc": [0.404052734375, 0.4599609375, 0.433349609375], "step_val_acc_99": [7500, 7500, 7500]}}, "x_plus_y": {"means": {"final_train_loss_mean": 0.36443069266776246, "final_val_loss_mean": 0.3441591343532006, "final_train_acc_mean": 0.856054683526357, "final_val_acc_mean": 0.8670247395833334, "step_val_acc_99_mean": 5400.0}, "stderrs": {"final_train_loss_stderr": 0.16206695266263083, "final_val_loss_stderr": 0.15274555992569666, "final_train_acc_stderr": 0.06785647293237107, "final_val_acc_stderr": 0.0626851389137814, "step_val_acc_99_stderr": 704.1201496798577}, "final_info_dict": {"final_train_loss": [0.015816695988178253, 1.0519999265670776, 0.025475455448031425], "final_val_loss": [0.015436699613928795, 0.9921808242797852, 0.024859879165887833], "final_train_acc": [1.0, 0.568164050579071, 1.0], "final_val_acc": [1.0, 0.60107421875, 1.0], "step_val_acc_99": [2510, 7500, 6190]}}, "permutation": {"means": {"final_train_loss_mean": 4.618711789449056, "final_val_loss_mean": 4.625306924184163, "final_train_acc_mean": 0.01302083395421505, "final_val_acc_mean": 0.012044270833333334, "step_val_acc_99_mean": 7500.0}, "stderrs": {"final_train_loss_stderr": 0.07970935011555463, "final_val_loss_stderr": 0.07667521279391352, "final_train_acc_stderr": 0.001350377562784621, "final_val_acc_stderr": 0.002397917548894267, "step_val_acc_99_stderr": 0.0}, "final_info_dict": {"final_train_loss": [4.7872443199157715, 4.788356781005859, 4.280534267425537], "final_val_loss": [4.787768840789795, 4.788150310516357, 4.300001621246338], "final_train_acc": [0.010156250558793545, 0.010156250558793545, 0.01875000074505806], "final_val_acc": [0.007080078125, 0.0068359375, 0.022216796875], "step_val_acc_99": [7500, 7500, 7500]}}}