{"final_train_loss": 4.788356781005859, "final_val_loss": 4.788150310516357, "final_train_acc": 0.010156250558793545, "final_val_acc": 0.0068359375, "step_val_acc_99": 7500}