{"final_train_loss": 1.6320199966430664, "final_val_loss": 1.4557706117630005, "final_train_acc": 0.2923828065395355, "final_val_acc": 0.4599609375, "step_val_acc_99": 7500}