{"final_train_loss": 1.6885833740234375, "final_val_loss": 1.641188144683838, "final_train_acc": 0.3134765625, "final_val_acc": 0.322998046875, "step_val_acc_99": 7500}