{"final_train_loss": 1.041218638420105, "final_val_loss": 6.3078413009643555, "final_train_acc": 0.7496094107627869, "final_val_acc": 0.033203125, "step_val_acc_99": 7500}