{"final_train_loss": 0.012136545963585377, "final_val_loss": 0.01632685214281082, "final_train_acc": 1.0, "final_val_acc": 1.0, "step_val_acc_99": 4060}