{"final_train_loss": 0.012715302407741547, "final_val_loss": 0.016522381454706192, "final_train_acc": 1.0, "final_val_acc": 1.0, "step_val_acc_99": 1940}