{"x_div_y": {"means": {"final_train_loss_mean": 0.01239082341392835, "final_val_loss_mean": 0.013998507211605707, "final_train_acc_mean": 1.0, "final_val_acc_mean": 1.0, "step_val_acc_99_mean": 3090.0}, "stderrs": {"final_train_loss_stderr": 0.00047348866305890947, "final_val_loss_stderr": 0.0007140484937362489, "final_train_acc_stderr": 0.0, "final_val_acc_stderr": 0.0, "step_val_acc_99_stderr": 272.5327027607404}, "final_info_dict": {"final_train_loss": [0.010792247019708157, 0.012136545963585377, 0.014243677258491516], "final_val_loss": [0.011155856773257256, 0.01632685214281082, 0.014512812718749046], "final_train_acc": [1.0, 1.0, 1.0], "final_val_acc": [1.0, 1.0, 1.0], "step_val_acc_99": [3150, 4060, 2060]}}, "x_minus_y": {"means": {"final_train_loss_mean": 0.5318652146185437, "final_val_loss_mean": 0.21939192153513432, "final_train_acc_mean": 0.8798828125, "final_val_acc_mean": 0.9805501302083334, "step_val_acc_99_mean": 3930.0}, "stderrs": {"final_train_loss_stderr": 0.24287139829324209, "final_val_loss_stderr": 0.09576386977876433, "final_train_acc_stderr": 0.05662378521220401, "final_val_acc_stderr": 0.009168756548588588, "step_val_acc_99_stderr": 195.86465470564863}, "final_info_dict": {"final_train_loss": [0.013271917589008808, 1.5622738599777222, 0.020049866288900375], "final_val_loss": [0.014574822038412094, 0.6256790161132812, 0.017921926453709602], "final_train_acc": [1.0, 0.6396484375, 1.0], "final_val_acc": [1.0, 0.941650390625, 1.0], "step_val_acc_99": [4760, 3480, 3550]}}, "x_plus_y": {"means": {"final_train_loss_mean": 0.016147436574101448, "final_val_loss_mean": 0.017981940259536106, "final_train_acc_mean": 1.0, "final_val_acc_mean": 1.0, "step_val_acc_99_mean": 1990.0}, "stderrs": {"final_train_loss_stderr": 0.0008731992559599487, "final_val_loss_stderr": 0.0005170543924761482, "final_train_acc_stderr": 0.0, "final_val_acc_stderr": 0.0, "step_val_acc_99_stderr": 23.570226039551585}, "final_info_dict": {"final_train_loss": [0.016655704006552696, 0.012715302407741547, 0.0190713033080101], "final_val_loss": [0.017293471843004227, 0.016522381454706192, 0.020129967480897903], "final_train_acc": [1.0, 1.0, 1.0], "final_val_acc": [1.0, 1.0, 1.0], "step_val_acc_99": [2090, 1940, 1940]}}, "permutation": {"means": {"final_train_loss_mean": 0.8594499222623805, "final_val_loss_mean": 4.473812445998192, "final_train_acc_mean": 0.789062519868215, "final_val_acc_mean": 0.3494466145833333, "step_val_acc_99_mean": 7403.333333333333}, "stderrs": {"final_train_loss_stderr": 0.21229082524614218, "final_val_loss_stderr": 1.049177262389468, "final_train_acc_stderr": 0.052865327798913404, "final_val_acc_stderr": 0.15254430560005816, "step_val_acc_99_stderr": 45.5691036764664}, "final_info_dict": {"final_train_loss": [1.5325223207473755, 0.004608807619661093, 1.041218638420105], "final_val_loss": [7.069302558898926, 0.04429347813129425, 6.3078413009643555], "final_train_acc": [0.6175781488418579, 1.0, 0.7496094107627869], "final_val_acc": [0.0185546875, 0.99658203125, 0.033203125], "step_val_acc_99": [7500, 7210, 7500]}}}