{"final_train_loss": 0.013271917589008808, "final_val_loss": 0.014574822038412094, "final_train_acc": 1.0, "final_val_acc": 1.0, "step_val_acc_99": 4760}