{"final_train_loss": 0.010792247019708157, "final_val_loss": 0.011155856773257256, "final_train_acc": 1.0, "final_val_acc": 1.0, "step_val_acc_99": 3150}