{"final_train_loss": 0.004608807619661093, "final_val_loss": 0.04429347813129425, "final_train_acc": 1.0, "final_val_acc": 0.99658203125, "step_val_acc_99": 7210}