{"final_train_loss": 0.014243677258491516, "final_val_loss": 0.014512812718749046, "final_train_acc": 1.0, "final_val_acc": 1.0, "step_val_acc_99": 2060}