{"final_train_loss": 0.020049866288900375, "final_val_loss": 0.017921926453709602, "final_train_acc": 1.0, "final_val_acc": 1.0, "step_val_acc_99": 3550}