{"final_train_loss": 1.5622738599777222, "final_val_loss": 0.6256790161132812, "final_train_acc": 0.6396484375, "final_val_acc": 0.941650390625, "step_val_acc_99": 3480}