{"final_train_loss": 1.5325223207473755, "final_val_loss": 7.069302558898926, "final_train_acc": 0.6175781488418579, "final_val_acc": 0.0185546875, "step_val_acc_99": 7500}