{"final_train_loss": 0.006738089956343174, "final_val_loss": 0.008856583386659622, "final_train_acc": 1.0, "final_val_acc": 1.0, "step_val_acc_99": 3550}