{"final_train_loss": 0.016900351271033287, "final_val_loss": 0.015072745271027088, "final_train_acc": 1.0, "final_val_acc": 1.0, "step_val_acc_99": 1980}