{"final_train_loss": 0.007237620651721954, "final_val_loss": 0.007911327295005322, "final_train_acc": 1.0, "final_val_acc": 1.0, "step_val_acc_99": 3360}