{"final_train_loss": 0.003597815055400133, "final_val_loss": 0.003707387950271368, "final_train_acc": 1.0, "final_val_acc": 1.0, "step_val_acc_99": 1870}