{"final_train_loss": 0.005423592869192362, "final_val_loss": 0.005922243930399418, "final_train_acc": 1.0, "final_val_acc": 1.0, "step_val_acc_99": 2190}