{"final_train_loss": 0.006127438973635435, "final_val_loss": 0.0073221102356910706, "final_train_acc": 1.0, "final_val_acc": 1.0, "step_val_acc_99": 3560}