{"final_train_loss": 0.006541891489177942, "final_val_loss": 0.013761613517999649, "final_train_acc": 1.0, "final_val_acc": 0.999267578125, "step_val_acc_99": 4500}