{"final_train_loss": 0.04102901369333267, "final_val_loss": 0.06195690482854843, "final_train_acc": 0.9966797232627869, "final_val_acc": 0.986572265625, "step_val_acc_99": 2780}