{"final_train_loss": 0.0052596633322536945, "final_val_loss": 0.005728662014007568, "final_train_acc": 1.0, "final_val_acc": 1.0, "step_val_acc_99": 4250}