{"final_train_loss": 0.006136034615337849, "final_val_loss": 0.007464161142706871, "final_train_acc": 1.0, "final_val_acc": 1.0, "step_val_acc_99": 3810}