{"final_train_loss": 0.0745227187871933, "final_val_loss": 0.07145652174949646, "final_train_acc": 0.9996094107627869, "final_val_acc": 0.998291015625, "step_val_acc_99": 2350}