{"final_train_loss": 0.00608049426227808, "final_val_loss": 0.008442596532404423, "final_train_acc": 1.0, "final_val_acc": 1.0, "step_val_acc_99": 3470}