{"final_train_loss": 0.032969117164611816, "final_val_loss": 7.5979766845703125, "final_train_acc": 0.9990234375, "final_val_acc": 0.014892578125, "step_val_acc_99": 7500}