{"x_div_y": {"means": {"final_train_loss_mean": 0.025387086905539036, "final_val_loss_mean": 0.02870293737699588, "final_train_acc_mean": 0.9997395873069763, "final_val_acc_mean": 0.999267578125, "step_val_acc_99_mean": 3866.6666666666665}, "stderrs": {"final_train_loss_stderr": 0.005142073025732643, "final_val_loss_stderr": 0.005374248178412315, "final_train_acc_stderr": 0.00012275972076273068, "final_val_acc_stderr": 0.0001993399855780581, "step_val_acc_99_stderr": 93.58431861886919}, "final_info_dict": {"final_train_loss": [0.00608049426227808, 0.026242999359965324, 0.0438377670943737], "final_val_loss": [0.008442596532404423, 0.029774781316518784, 0.04789143428206444], "final_train_acc": [1.0, 1.0, 0.999218761920929], "final_val_acc": [1.0, 0.999267578125, 0.99853515625], "step_val_acc_99": [3470, 4080, 4050]}}, "x_minus_y": {"means": {"final_train_loss_mean": 0.029672636029620964, "final_val_loss_mean": 0.02961081111182769, "final_train_acc_mean": 0.9998698035875956, "final_val_acc_mean": 0.9994303385416666, "step_val_acc_99_mean": 2753.3333333333335}, "stderrs": {"final_train_loss_stderr": 0.010575556431994116, "final_val_loss_stderr": 0.009865007833054718, "final_train_acc_stderr": 6.137517739819746e-05, "final_val_acc_stderr": 0.0002685409867787453, "step_val_acc_99_stderr": 107.5771328218634}, "final_info_dict": {"final_train_loss": [0.0745227187871933, 0.008354335092008114, 0.006140854209661484], "final_val_loss": [0.07145652174949646, 0.009395415894687176, 0.007980495691299438], "final_train_acc": [0.9996094107627869, 1.0, 1.0], "final_val_acc": [0.998291015625, 1.0, 1.0], "step_val_acc_99": [2350, 3140, 2770]}}, "x_plus_y": {"means": {"final_train_loss_mean": 0.0042654947222520905, "final_val_loss_mean": 0.004420199353868763, "final_train_acc_mean": 1.0, "final_val_acc_mean": 1.0, "step_val_acc_99_mean": 2060.0}, "stderrs": {"final_train_loss_stderr": 0.00035406767783504456, "final_val_loss_stderr": 0.0004021587407650546, "final_train_acc_stderr": 0.0, "final_val_acc_stderr": 0.0, "step_val_acc_99_stderr": 84.89645108841363}, "final_info_dict": {"final_train_loss": [0.005472798831760883, 0.004435939248651266, 0.002887746086344123], "final_val_loss": [0.005835453048348427, 0.004537902772426605, 0.002887242240831256], "final_train_acc": [1.0, 1.0, 1.0], "final_val_acc": [1.0, 1.0, 1.0], "step_val_acc_99": [2250, 1700, 2230]}}, "permutation": {"means": {"final_train_loss_mean": 0.07891359661395352, "final_val_loss_mean": 4.712180217728019, "final_train_acc_mean": 0.986328125, "final_val_acc_mean": 0.3477376302083333, "step_val_acc_99_mean": 7233.333333333333}, "stderrs": {"final_train_loss_stderr": 0.027929604293655052, "final_val_loss_stderr": 1.1172949972744288, "final_train_acc_stderr": 0.006216226383421226, "final_val_acc_stderr": 0.15375057369294767, "step_val_acc_99_stderr": 125.70787221094179}, "final_info_dict": {"final_train_loss": [0.1964779943227768, 0.007293678354471922, 0.032969117164611816], "final_val_loss": [6.526095390319824, 0.012468578293919563, 7.5979766845703125], "final_train_acc": [0.9599609375, 1.0, 0.9990234375], "final_val_acc": [0.0283203125, 1.0, 0.014892578125], "step_val_acc_99": [7500, 6700, 7500]}}}