{"final_train_loss": 0.004435939248651266, "final_val_loss": 0.004537902772426605, "final_train_acc": 1.0, "final_val_acc": 1.0, "step_val_acc_99": 1700}