{"final_train_loss": 0.008354335092008114, "final_val_loss": 0.009395415894687176, "final_train_acc": 1.0, "final_val_acc": 1.0, "step_val_acc_99": 3140}