{"final_train_loss": 0.0438377670943737, "final_val_loss": 0.04789143428206444, "final_train_acc": 0.999218761920929, "final_val_acc": 0.99853515625, "step_val_acc_99": 4050}