{"final_train_loss": 0.1964779943227768, "final_val_loss": 6.526095390319824, "final_train_acc": 0.9599609375, "final_val_acc": 0.0283203125, "step_val_acc_99": 7500}