{"final_train_loss": 0.007293678354471922, "final_val_loss": 0.012468578293919563, "final_train_acc": 1.0, "final_val_acc": 1.0, "step_val_acc_99": 6700}