{"final_train_loss": 0.005472798831760883, "final_val_loss": 0.005835453048348427, "final_train_acc": 1.0, "final_val_acc": 1.0, "step_val_acc_99": 2250}