{"final_train_loss": 0.026242999359965324, "final_val_loss": 0.029774781316518784, "final_train_acc": 1.0, "final_val_acc": 0.999267578125, "step_val_acc_99": 4080}