{"final_train_loss": 0.006140854209661484, "final_val_loss": 0.007980495691299438, "final_train_acc": 1.0, "final_val_acc": 1.0, "step_val_acc_99": 2770}