{
  "shakespeare_char": {
    "means": {
      "final_train_loss_mean": 0.8083514968554179,
      "best_val_loss_mean": 1.4693279266357422,
      "total_train_time_mean": 301.409769932429,
      "avg_inference_tokens_per_second_mean": 476.76571942025066
    },
    "stderrs": {
      "final_train_loss_stderr": 0.004606851662603869,
      "best_val_loss_stderr": 0.002318185346862607,
      "total_train_time_stderr": 3.7604327053095585,
      "avg_inference_tokens_per_second_stderr": 2.2846284985581478
    },
    "final_info_dict": {
      "final_train_loss": [
        0.8238834142684937,
        0.790310263633728,
        0.810860812664032
      ],
      "best_val_loss": [
        1.4679977893829346,
        1.478432297706604,
        1.461553692817688
      ],
      "total_train_time": [
        317.36346793174744,
        293.538613319397,
        293.3272285461426
      ],
      "avg_inference_tokens_per_second": [
        467.22402076323704,
        480.0598800084391,
        483.01325748907584
      ]
    }
  },
  "enwik8": {
    "means": {
      "final_train_loss_mean": 0.9414697289466858,
      "best_val_loss_mean": 1.0054575204849243,
      "total_train_time_mean": 2371.9740512371063,
      "avg_inference_tokens_per_second_mean": 481.0998539249739
    },
    "stderrs": {
      "final_train_loss_stderr": 0.0,
      "best_val_loss_stderr": 0.0,
      "total_train_time_stderr": 0.0,
      "avg_inference_tokens_per_second_stderr": 0.0
    },
    "final_info_dict": {
      "final_train_loss": [
        0.9414697289466858
      ],
      "best_val_loss": [
        1.0054575204849243
      ],
      "total_train_time": [
        2371.9740512371063
      ],
      "avg_inference_tokens_per_second": [
        481.0998539249739
      ]
    }
  },
  "text8": {
    "means": {
      "final_train_loss_mean": 0.9939898252487183,
      "best_val_loss_mean": 0.9801777005195618,
      "total_train_time_mean": 2351.458997964859,
      "avg_inference_tokens_per_second_mean": 476.5669066097941
    },
    "stderrs": {
      "final_train_loss_stderr": 0.0,
      "best_val_loss_stderr": 0.0,
      "total_train_time_stderr": 0.0,
      "avg_inference_tokens_per_second_stderr": 0.0
    },
    "final_info_dict": {
      "final_train_loss": [
        0.9939898252487183
      ],
      "best_val_loss": [
        0.9801777005195618
      ],
      "total_train_time": [
        2351.458997964859
      ],
      "avg_inference_tokens_per_second": [
        476.5669066097941
      ]
    }
  },
  "training_steps": 0,
  "final_loss": null,
  "layer": 19,
  "dict_size": 2304,
  "learning_rate": 0.0003,
  "sparsity_penalty": 0.04,
  "unique_id": "google/gemma-2-2b_layer_19_sae_custom_sae",
  "sae_set": "google/gemma-2-2b_layer_19_sae",
  "sae_id": "custom_sae",
  "eval_cfg": {
    "model_name": "google/gemma-2-2b",
    "llm_dtype": "bfloat16",
    "batch_size_prompts": 16,
    "n_eval_reconstruction_batches": 200,
    "n_eval_sparsity_variance_batches": 2000,
    "dataset": "Skylion007/openwebtext",
    "context_size": 128,
    "compute_kl": true,
    "compute_ce_loss": true,
    "compute_l2_norms": true,
    "compute_sparsity_metrics": true,
    "compute_variance_metrics": true,
    "compute_featurewise_density_statistics": false,
    "compute_featurewise_weight_based_metrics": false,
    "exclude_special_tokens_from_reconstruction": true,
    "verbose": false
  },
  "metrics": {
    "model_behavior_preservation": {
      "kl_div_score": -0.5279503105590062,
      "kl_div_with_ablation": 10.0625,
      "kl_div_with_sae": 15.375
    },
    "model_performance_preservation": {
      "ce_loss_score": -0.5855263157894737,
      "ce_loss_with_ablation": 12.4375,
      "ce_loss_with_sae": 18.0,
      "ce_loss_without_sae": 2.9375
    },
    "reconstruction_quality": {
      "explained_variance": -0.78515625,
      "mse": 47.25,
      "cossim": NaN
    },
    "shrinkage": {
      "l2_norm_in": 308.0,
      "l2_norm_out": 0.0,
      "l2_ratio": 0.0,
      "relative_reconstruction_bias": NaN
    },
    "sparsity": {
      "l0": 0.0,
      "l1": 0.0
    },
    "token_stats": {
      "total_tokens_eval_reconstruction": 409600,
      "total_tokens_eval_sparsity_variance": 4096000
    }
  }
}