{"final_train_loss": 0.012957179918885231, "final_val_loss": 0.011848446913063526, "final_train_acc": 1.0, "final_val_acc": 1.0, "step_val_acc_99": 2650}