{"final_train_loss": 0.003211184171959758, "final_val_loss": 0.005436096806079149, "final_train_acc": 1.0, "final_val_acc": 1.0, "step_val_acc_99": 5180}