{"final_train_loss": 4.786672592163086, "final_val_loss": 4.7988691329956055, "final_train_acc": 0.0031250000465661287, "final_val_acc": 0.0, "step_val_acc_99": 7500}