{"final_train_loss": 4.579095363616943, "final_val_loss": 4.596042633056641, "final_train_acc": 0.0031250000465661287, "final_val_acc": 0.0078125, "step_val_acc_99": 7500}