{"x_div_y": {"means": {"final_train_loss_mean": 4.574045976003011, "final_val_loss_mean": 4.5870951016743975, "final_train_acc_mean": 0.007291666930541396, "final_val_acc_mean": 0.00390625, "step_val_acc_99_mean": 7500.0}, "stderrs": {"final_train_loss_stderr": 0.001234268421653666, "final_val_loss_stderr": 0.002127356911037889, "final_train_acc_stderr": 0.0009820928028681111, "final_val_acc_stderr": 0.0010631465897496433, "step_val_acc_99_stderr": 0.0}, "final_info_dict": {"final_train_loss": [4.570319652557373, 4.572722911834717, 4.579095363616943], "final_val_loss": [4.58364725112915, 4.581595420837402, 4.596042633056641], "final_train_acc": [0.00937500037252903, 0.00937500037252903, 0.0031250000465661287], "final_val_acc": [0.0, 0.00390625, 0.0078125], "step_val_acc_99": [7500, 7500, 7500]}}, "x_minus_y": {"means": {"final_train_loss_mean": 0.001719325256999582, "final_val_loss_mean": 0.002722155962449809, "final_train_acc_mean": 1.0, "final_val_acc_mean": 1.0, "step_val_acc_99_mean": 5003.333333333333}, "stderrs": {"final_train_loss_stderr": 0.0003717636052446363, "final_val_loss_stderr": 0.0006704586691807217, "final_train_acc_stderr": 0.0, "final_val_acc_stderr": 0.0, "step_val_acc_99_stderr": 74.05370090200726}, "final_info_dict": {"final_train_loss": [0.0005300244665704668, 0.0014167671324685216, 0.003211184171959758], "final_val_loss": [0.0006273888284340501, 0.0021029822528362274, 0.005436096806079149], "final_train_acc": [1.0, 1.0, 1.0], "final_val_acc": [1.0, 1.0, 1.0], "step_val_acc_99": [5140, 4690, 5180]}}, "x_plus_y": {"means": {"final_train_loss_mean": 0.45872496548690833, "final_val_loss_mean": 0.2126153138912438, "final_train_acc_mean": 0.899023433526357, "final_val_acc_mean": 0.953125, "step_val_acc_99_mean": 2206.6666666666665}, "stderrs": {"final_train_loss_stderr": 0.21310308783453483, "final_val_loss_stderr": 0.09734521509764248, "final_train_acc_stderr": 0.04760080992963143, "final_val_acc_stderr": 0.022097086912079608, "step_val_acc_99_stderr": 106.46972559904437}, "final_info_dict": {"final_train_loss": [1.3628157377243042, 0.012957179918885231, 0.0004019788175355643], "final_val_loss": [0.6255635023117065, 0.011848446913063526, 0.00043399244896136224], "final_train_acc": [0.697070300579071, 1.0, 1.0], "final_val_acc": [0.859375, 1.0, 1.0], "step_val_acc_99": [2060, 2650, 1910]}}, "permutation": {"means": {"final_train_loss_mean": 4.782610734303792, "final_val_loss_mean": 4.801908016204834, "final_train_acc_mean": 0.007291666775320967, "final_val_acc_mean": 0.00390625, "step_val_acc_99_mean": 7500.0}, "stderrs": {"final_train_loss_stderr": 0.001507084244008792, "final_val_loss_stderr": 0.0008883127161414039, "final_train_acc_stderr": 0.0012991866119892298, "final_val_acc_stderr": 0.0010631465897496433, "step_val_acc_99_stderr": 0.0}, "final_info_dict": {"final_train_loss": [4.78485631942749, 4.786672592163086, 4.776303291320801], "final_val_loss": [4.801496982574463, 4.7988691329956055, 4.805357933044434], "final_train_acc": [0.0062500000931322575, 0.0031250000465661287, 0.012500000186264515], "final_val_acc": [0.00390625, 0.0, 0.0078125], "step_val_acc_99": [7500, 7500, 7500]}}}