{"final_train_loss": 0.0014167671324685216, "final_val_loss": 0.0021029822528362274, "final_train_acc": 1.0, "final_val_acc": 1.0, "step_val_acc_99": 4690}