{"final_train_loss": 4.572722911834717, "final_val_loss": 4.581595420837402, "final_train_acc": 0.00937500037252903, "final_val_acc": 0.00390625, "step_val_acc_99": 7500}