{"final_train_loss": 4.78485631942749, "final_val_loss": 4.801496982574463, "final_train_acc": 0.0062500000931322575, "final_val_acc": 0.00390625, "step_val_acc_99": 7500}