{"final_train_loss": 1.3628157377243042, "final_val_loss": 0.6255635023117065, "final_train_acc": 0.697070300579071, "final_val_acc": 0.859375, "step_val_acc_99": 2060}