{"final_train_loss": 4.570319652557373, "final_val_loss": 4.58364725112915, "final_train_acc": 0.00937500037252903, "final_val_acc": 0.0, "step_val_acc_99": 7500}