{"final_train_loss": 0.0005300244665704668, "final_val_loss": 0.0006273888284340501, "final_train_acc": 1.0, "final_val_acc": 1.0, "step_val_acc_99": 5140}