{"final_train_loss": 4.776303291320801, "final_val_loss": 4.805357933044434, "final_train_acc": 0.012500000186264515, "final_val_acc": 0.0078125, "step_val_acc_99": 7500}