{"final_train_loss": 0.004072423558682203, "final_val_loss": 0.004479262046515942, "final_train_acc": 1.0, "final_val_acc": 1.0, "step_val_acc_99": 3930}