{"final_train_loss": 4.787747859954834, "final_val_loss": 4.787335395812988, "final_train_acc": 0.006054687779396772, "final_val_acc": 0.01123046875, "step_val_acc_99": 7500}