{"final_train_loss": 1.8238788843154907, "final_val_loss": 1.8318079710006714, "final_train_acc": 0.17812500894069672, "final_val_acc": 0.173095703125, "step_val_acc_99": 7500}