{"final_train_loss": 0.051320046186447144, "final_val_loss": 0.05823153257369995, "final_train_acc": 0.997265636920929, "final_val_acc": 0.99560546875, "step_val_acc_99": 2350}