{"final_train_loss": 2.61600399017334, "final_val_loss": 2.565366268157959, "final_train_acc": 0.162109375, "final_val_acc": 0.189697265625, "step_val_acc_99": 7500}