{"final_train_loss": 0.00898880697786808, "final_val_loss": 0.008704070933163166, "final_train_acc": 1.0, "final_val_acc": 1.0, "step_val_acc_99": 1370}