{"final_train_loss": 0.25223714113235474, "final_val_loss": 0.13957448303699493, "final_train_acc": 0.932812511920929, "final_val_acc": 0.9794921875, "step_val_acc_99": 1700}