{"final_train_loss": 0.0675586685538292, "final_val_loss": 0.05490712448954582, "final_train_acc": 0.9976562857627869, "final_val_acc": 0.998779296875, "step_val_acc_99": 2140}