{"final_train_loss": 0.013768223114311695, "final_val_loss": 0.013977890834212303, "final_train_acc": 1.0, "final_val_acc": 1.0, "step_val_acc_99": 2640}