{"final_train_loss": 0.08535584062337875, "final_val_loss": 0.07889800518751144, "final_train_acc": 0.9937500357627869, "final_val_acc": 0.99560546875, "step_val_acc_99": 2000}