{"final_train_loss": 1.4178303480148315, "final_val_loss": 1.34693443775177, "final_train_acc": 0.41484376788139343, "final_val_acc": 0.439453125, "step_val_acc_99": 7500}