{"final_train_loss": 0.024119948968291283, "final_val_loss": 0.02201184444129467, "final_train_acc": 1.0, "final_val_acc": 1.0, "step_val_acc_99": 1620}