{"x_div_y": {"means": {"final_train_loss_mean": 1.0976764261722565, "final_val_loss_mean": 1.0789913137753804, "final_train_acc_mean": 0.5300781379143397, "final_val_acc_mean": 0.5360514322916666, "step_val_acc_99_mean": 5783.333333333333}, "stderrs": {"final_train_loss_stderr": 0.2527427485732292, "final_val_loss_stderr": 0.24947923301096708, "final_train_acc_stderr": 0.11473223646245322, "final_val_acc_stderr": 0.11422168288864278, "step_val_acc_99_stderr": 809.2444273579378}, "final_info_dict": {"final_train_loss": [1.4178303480148315, 0.051320046186447144, 1.8238788843154907], "final_val_loss": [1.34693443775177, 0.05823153257369995, 1.8318079710006714], "final_train_acc": [0.41484376788139343, 0.997265636920929, 0.17812500894069672], "final_val_acc": [0.439453125, 0.99560546875, 0.173095703125], "step_val_acc_99": [7500, 2350, 7500]}}, "x_minus_y": {"means": {"final_train_loss_mean": 0.13505055010318756, "final_val_loss_mean": 0.09112653757135074, "final_train_acc_mean": 0.9747396111488342, "final_val_acc_mean": 0.9912923177083334, "step_val_acc_99_mean": 1946.6666666666667}, "stderrs": {"final_train_loss_stderr": 0.027727119591283766, "final_val_loss_stderr": 0.011876815741252744, "final_train_acc_stderr": 0.009896598497260023, "final_val_acc_stderr": 0.0028146521519439413, "step_val_acc_99_stderr": 61.18177732416091}, "final_info_dict": {"final_train_loss": [0.08535584062337875, 0.25223714113235474, 0.0675586685538292], "final_val_loss": [0.07889800518751144, 0.13957448303699493, 0.05490712448954582], "final_train_acc": [0.9937500357627869, 0.932812511920929, 0.9976562857627869], "final_val_acc": [0.99560546875, 0.9794921875, 0.998779296875], "step_val_acc_99": [2000, 1700, 2140]}}, "x_plus_y": {"means": {"final_train_loss_mean": 0.012382387494047483, "final_val_loss_mean": 0.0115401908600082, "final_train_acc_mean": 1.0, "final_val_acc_mean": 1.0, "step_val_acc_99_mean": 1380.0}, "stderrs": {"final_train_loss_stderr": 0.002847407894065174, "final_val_loss_stderr": 0.0025531424294315997, "final_train_acc_stderr": 0.0, "final_val_acc_stderr": 0.0, "step_val_acc_99_stderr": 64.00231477295408}, "final_info_dict": {"final_train_loss": [0.004038406535983086, 0.00898880697786808, 0.024119948968291283], "final_val_loss": [0.003904657205566764, 0.008704070933163166, 0.02201184444129467], "final_train_acc": [1.0, 1.0, 1.0], "final_val_acc": [1.0, 1.0, 1.0], "step_val_acc_99": [1150, 1370, 1620]}}, "permutation": {"means": {"final_train_loss_mean": 2.4725066910808287, "final_val_loss_mean": 2.45555985160172, "final_train_acc_mean": 0.3893880209264656, "final_val_acc_mean": 0.4003092447916667, "step_val_acc_99_mean": 5880.0}, "stderrs": {"final_train_loss_stderr": 0.6505361890680598, "final_val_loss_stderr": 0.6500870912835303, "final_train_acc_stderr": 0.145480941374146, "final_val_acc_stderr": 0.14341970286887765, "step_val_acc_99_stderr": 763.6753236814712}, "final_info_dict": {"final_train_loss": [0.013768223114311695, 2.61600399017334, 4.787747859954834], "final_val_loss": [0.013977890834212303, 2.565366268157959, 4.787335395812988], "final_train_acc": [1.0, 0.162109375, 0.006054687779396772], "final_val_acc": [1.0, 0.189697265625, 0.01123046875], "step_val_acc_99": [2640, 7500, 7500]}}}