{"final_train_loss": 0.004038406535983086, "final_val_loss": 0.003904657205566764, "final_train_acc": 1.0, "final_val_acc": 1.0, "step_val_acc_99": 1150}