{"final_train_loss": 0.0015576663427054882, "final_val_loss": 0.002251341473311186, "final_train_acc": 1.0, "final_val_acc": 1.0, "step_val_acc_99": 5580}