{"final_train_loss": 0.0043949405662715435, "final_val_loss": 0.008320857770740986, "final_train_acc": 1.0, "final_val_acc": 0.99951171875, "step_val_acc_99": 4410}