{"final_train_loss": 0.002400736091658473, "final_val_loss": 0.003119266824796796, "final_train_acc": 1.0, "final_val_acc": 1.0, "step_val_acc_99": 3610}