{"final_train_loss": 0.0012788631720468402, "final_val_loss": 0.001842889585532248, "final_train_acc": 1.0, "final_val_acc": 1.0, "step_val_acc_99": 5660}