{"final_train_loss": 0.0017947814194485545, "final_val_loss": 0.0031323402654379606, "final_train_acc": 1.0, "final_val_acc": 1.0, "step_val_acc_99": 4050}