{"final_train_loss": 0.0019183229887858033, "final_val_loss": 0.00283089024014771, "final_train_acc": 1.0, "final_val_acc": 1.0, "step_val_acc_99": 4380}