{"x_div_y": {"means": {"final_train_loss_mean": 0.0020379468332976103, "final_val_loss_mean": 0.0030274991101274886, "final_train_acc_mean": 1.0, "final_val_acc_mean": 1.0, "step_val_acc_99_mean": 4013.3333333333335}, "stderrs": {"final_train_loss_stderr": 8.714724207832957e-05, "final_val_loss_stderr": 4.637529237491441e-05, "final_train_acc_stderr": 0.0, "final_val_acc_stderr": 0.0, "step_val_acc_99_stderr": 105.1395310416321}, "final_info_dict": {"final_train_loss": [0.0017947814194485545, 0.002400736091658473, 0.0019183229887858033], "final_val_loss": [0.0031323402654379606, 0.003119266824796796, 0.00283089024014771], "final_train_acc": [1.0, 1.0, 1.0], "final_val_acc": [1.0, 1.0, 1.0], "step_val_acc_99": [4050, 3610, 4380]}}, "x_minus_y": {"means": {"final_train_loss_mean": 0.002962015258769194, "final_val_loss_mean": 0.005381704152872165, "final_train_acc_mean": 1.0, "final_val_acc_mean": 0.9998372395833334, "step_val_acc_99_mean": 4106.666666666667}, "stderrs": {"final_train_loss_stderr": 0.00034333839433532063, "final_val_loss_stderr": 0.0008310246542083333, "final_train_acc_stderr": 0.0, "final_val_acc_stderr": 7.672599622249864e-05, "step_val_acc_99_stderr": 111.6321118453903}, "final_info_dict": {"final_train_loss": [0.0043949405662715435, 0.002018747152760625, 0.0024723580572754145], "final_val_loss": [0.008320857770740986, 0.0022256639786064625, 0.005598590709269047], "final_train_acc": [1.0, 1.0, 1.0], "final_val_acc": [0.99951171875, 1.0, 1.0], "step_val_acc_99": [4410, 3640, 4270]}}, "x_plus_y": {"means": {"final_train_loss_mean": 0.0014448151729690533, "final_val_loss_mean": 0.0017948706517927349, "final_train_acc_mean": 1.0, "final_val_acc_mean": 1.0, "step_val_acc_99_mean": 2673.3333333333335}, "stderrs": {"final_train_loss_stderr": 0.00033346687419083494, "final_val_loss_stderr": 0.00047541504445707135, "final_train_acc_stderr": 0.0, "final_val_acc_stderr": 0.0, "step_val_acc_99_stderr": 63.84781288248285}, "final_info_dict": {"final_train_loss": [0.002805691445246339, 0.0010993605246767402, 0.00042939354898408055], "final_val_loss": [0.0037654300685971975, 0.001182330073788762, 0.00043685181299224496], "final_train_acc": [1.0, 1.0, 1.0], "final_val_acc": [1.0, 1.0, 1.0], "step_val_acc_99": [2860, 2750, 2410]}}, "permutation": {"means": {"final_train_loss_mean": 0.001128178012246887, "final_val_loss_mean": 0.0015829741411531966, "final_train_acc_mean": 1.0, "final_val_acc_mean": 1.0, "step_val_acc_99_mean": 5490.0}, "stderrs": {"final_train_loss_stderr": 0.00014191383955986807, "final_val_loss_stderr": 0.0002257481259622855, "final_train_acc_stderr": 0.0, "final_val_acc_stderr": 0.0, "step_val_acc_99_stderr": 62.24206032960408}, "final_info_dict": {"final_train_loss": [0.0012788631720468402, 0.0005480045219883323, 0.0015576663427054882], "final_val_loss": [0.001842889585532248, 0.0006546913646161556, 0.002251341473311186], "final_train_acc": [1.0, 1.0, 1.0], "final_val_acc": [1.0, 1.0, 1.0], "step_val_acc_99": [5660, 5230, 5580]}}}