{"final_train_loss": 0.002805691445246339, "final_val_loss": 0.0037654300685971975, "final_train_acc": 1.0, "final_val_acc": 1.0, "step_val_acc_99": 2860}