{"final_train_loss": 0.00042939354898408055, "final_val_loss": 0.00043685181299224496, "final_train_acc": 1.0, "final_val_acc": 1.0, "step_val_acc_99": 2410}