{"final_train_loss": 0.0024723580572754145, "final_val_loss": 0.005598590709269047, "final_train_acc": 1.0, "final_val_acc": 1.0, "step_val_acc_99": 4270}