{"final_train_loss": 0.0010993605246767402, "final_val_loss": 0.001182330073788762, "final_train_acc": 1.0, "final_val_acc": 1.0, "step_val_acc_99": 2750}