{"final_train_loss": 0.0005480045219883323, "final_val_loss": 0.0006546913646161556, "final_train_acc": 1.0, "final_val_acc": 1.0, "step_val_acc_99": 5230}