{"final_train_loss": 0.002018747152760625, "final_val_loss": 0.0022256639786064625, "final_train_acc": 1.0, "final_val_acc": 1.0, "step_val_acc_99": 3640}