{"final_train_loss": 0.0043343231081962585, "final_val_loss": 0.005070560146123171, "final_train_acc": 1.0, "final_val_acc": 1.0, "step_val_acc_99": 4370}