{"final_train_loss": 0.00604521669447422, "final_val_loss": 0.0068605863489210606, "final_train_acc": 1.0, "final_val_acc": 1.0, "step_val_acc_99": 4470}