{"final_train_loss": 0.005049146246165037, "final_val_loss": 0.005344740115106106, "final_train_acc": 1.0, "final_val_acc": 1.0, "step_val_acc_99": 2290}