{"final_train_loss": 0.9939898252487183, "best_val_loss": 0.9801777005195618, "total_train_time": 2351.458997964859, "avg_inference_tokens_per_second": 476.5669066097941}