{"final_train_loss": 0.810860812664032, "best_val_loss": 1.461553692817688, "total_train_time": 293.3272285461426, "avg_inference_tokens_per_second": 483.01325748907584}