{"final_train_loss": 0.9414697289466858, "best_val_loss": 1.0054575204849243, "total_train_time": 2371.9740512371063, "avg_inference_tokens_per_second": 481.0998539249739}