{"final_train_loss": 0.790310263633728, "best_val_loss": 1.478432297706604, "total_train_time": 293.538613319397, "avg_inference_tokens_per_second": 480.0598800084391}