{"final_train_loss": 0.8238834142684937, "best_val_loss": 1.4679977893829346, "total_train_time": 317.36346793174744, "avg_inference_tokens_per_second": 467.22402076323704}