{"final_train_loss": 0.31009113788604736, "final_val_loss": 8.000332832336426, "final_train_acc": 0.9437500238418579, "final_val_acc": 0.01025390625, "step_val_acc_99": 7500}