{"final_train_loss": 0.011645752005279064, "final_val_loss": 8.588760375976562, "final_train_acc": 0.9996094107627869, "final_val_acc": 0.010498046875, "step_val_acc_99": 7500}