{"final_train_loss": 0.0033678908366709948, "final_val_loss": 0.003740899730473757, "final_train_acc": 1.0, "final_val_acc": 1.0, "step_val_acc_99": 3850}