{"final_train_loss": 0.003833458526059985, "final_val_loss": 0.00394661258906126, "final_train_acc": 1.0, "final_val_acc": 1.0, "step_val_acc_99": 2390}