{"final_train_loss": 0.002753200940787792, "final_val_loss": 0.004576710518449545, "final_train_acc": 1.0, "final_val_acc": 1.0, "step_val_acc_99": 6270}