{"final_train_loss": 0.0027341325767338276, "final_val_loss": 0.003871405962854624, "final_train_acc": 1.0, "final_val_acc": 1.0, "step_val_acc_99": 3920}