{"final_train_loss": 0.0022333411034196615, "final_val_loss": 0.0022916754242032766, "final_train_acc": 1.0, "final_val_acc": 1.0, "step_val_acc_99": 2880}