{"final_train_loss": 0.003629855578765273, "final_val_loss": 0.005028995685279369, "final_train_acc": 1.0, "final_val_acc": 1.0, "step_val_acc_99": 2770}