{"final_train_loss": 0.003451324999332428, "final_val_loss": 0.003621505107730627, "final_train_acc": 1.0, "final_val_acc": 1.0, "step_val_acc_99": 2340}