{"final_train_loss": 0.0030302542727440596, "final_val_loss": 0.003065245458856225, "final_train_acc": 1.0, "final_val_acc": 1.0, "step_val_acc_99": 1580}