{"final_train_loss": 0.39729973673820496, "final_val_loss": 2.606476306915283, "final_train_acc": 0.916796863079071, "final_val_acc": 0.345458984375, "step_val_acc_99": 4010}