{"final_train_loss": 0.003239782527089119, "final_val_loss": 0.003545744577422738, "final_train_acc": 1.0, "final_val_acc": 1.0, "step_val_acc_99": 4080}