{
  "transformer_loss": 7.8026204109191895,
  "transformer_perplexity": 2447.005859375,
  "autoencoder_loss": 2346072.25,
  "reconstruction_error": -27.117846679687496,
  "downstream_loss_original": 76.85823211669921,
  "downstream_loss_reconstructed": 49.74038543701172,
  "downstream_loss_delta_absolute": -27.117846679687496,
  "downstream_loss_delta_percent": -35.28294358698308,
  "neuron_sparsity": 0.488272100687027,
  "latent_sparsity": 0.013676452450454235,
  "activation_entropy": 4.059887886047363,
  "latent_entropy": 0.10732875019311905
}