{"final_train_loss": 0.00315270759165287, "final_val_loss": 0.0032704093027859926, "final_train_acc": 1.0, "final_val_acc": 1.0, "step_val_acc_99": 2390}