{"final_train_loss": 0.0026582248974591494, "final_val_loss": 0.0027741265948861837, "final_train_acc": 1.0, "final_val_acc": 1.0, "step_val_acc_99": 2750}