{"final_train_loss": 0.0074817040003836155, "final_val_loss": 0.008329708129167557, "final_train_acc": 1.0, "final_val_acc": 1.0, "step_val_acc_99": 3560}