{"final_train_loss": 0.01705014519393444, "final_val_loss": 0.01692567765712738, "final_train_acc": 1.0, "final_val_acc": 1.0, "step_val_acc_99": 1340}