{"final_train_loss": 0.008816019631922245, "final_val_loss": 0.010651865974068642, "final_train_acc": 1.0, "final_val_acc": 0.999267578125, "step_val_acc_99": 2750}