{"final_train_loss": 0.00497114472091198, "final_val_loss": 0.005085376091301441, "final_train_acc": 1.0, "final_val_acc": 1.0, "step_val_acc_99": 3400}