{"final_train_loss": 1.916796326637268, "final_val_loss": 0.9354979395866394, "final_train_acc": 0.6074364185333252, "final_val_acc": 0.8056640625, "step_val_acc_99": 2660}