{"final_train_loss": 0.006625133566558361, "final_val_loss": 0.00877018179744482, "final_train_acc": 1.0, "final_val_acc": 1.0, "step_val_acc_99": 5250}