{"final_train_loss": 0.07998699694871902, "final_val_loss": 5.042812347412109, "final_train_acc": 0.9917808771133423, "final_val_acc": 0.507080078125, "step_val_acc_99": 7500}