{"final_train_loss": 0.007219132501631975, "final_val_loss": 0.007324667647480965, "final_train_acc": 1.0, "final_val_acc": 1.0, "step_val_acc_99": 1770}