{"final_train_loss": 0.004274334758520126, "final_val_loss": 0.00463458988815546, "final_train_acc": 1.0, "final_val_acc": 1.0, "step_val_acc_99": 3490}