{"final_train_loss": 0.0033488094341009855, "final_val_loss": 0.0037553696893155575, "final_train_acc": 1.0, "final_val_acc": 1.0, "step_val_acc_99": 4690}