{"final_train_loss": 0.0039375233463943005, "final_val_loss": 0.004150171764194965, "final_train_acc": 1.0, "final_val_acc": 1.0, "step_val_acc_99": 2660}