{"final_train_loss": 1.5527771711349487, "final_val_loss": 0.39894700050354004, "final_train_acc": 0.685742199420929, "final_val_acc": 0.919677734375, "step_val_acc_99": 1080}