{"final_train_loss": 0.010130424983799458, "final_val_loss": 0.01500584278255701, "final_train_acc": 1.0, "final_val_acc": 1.0, "step_val_acc_99": 5410}