{"final_train_loss": 0.005013182293623686, "final_val_loss": 0.005357859656214714, "final_train_acc": 1.0, "final_val_acc": 1.0, "step_val_acc_99": 1550}