{"final_train_loss": 0.1089983731508255, "final_val_loss": 8.533282279968262, "final_train_acc": 0.9908203482627869, "final_val_acc": 0.006591796875, "step_val_acc_99": 7500}