{"final_train_loss": 0.005546362604945898, "final_val_loss": 0.006075740791857243, "final_train_acc": 1.0, "final_val_acc": 1.0, "step_val_acc_99": 3200}