{"final_train_loss": 0.1221606507897377, "final_val_loss": 8.260041236877441, "final_train_acc": 0.981640636920929, "final_val_acc": 0.01025390625, "step_val_acc_99": 7500}