{"x_div_y": {"means": {"final_train_loss_mean": 0.00665037411575516, "final_val_loss_mean": 0.008572057820856571, "final_train_acc_mean": 1.0, "final_val_acc_mean": 1.0, "step_val_acc_99_mean": 4033.3333333333335}, "stderrs": {"final_train_loss_stderr": 0.0008383219236534175, "final_val_loss_stderr": 0.001529086405568205, "final_train_acc_stderr": 0.0, "final_val_acc_stderr": 0.0, "step_val_acc_99_stderr": 326.8744614989781}, "final_info_dict": {"final_train_loss": [0.010130424983799458, 0.004274334758520126, 0.005546362604945898], "final_val_loss": [0.01500584278255701, 0.00463458988815546, 0.006075740791857243], "final_train_acc": [1.0, 1.0, 1.0], "final_val_acc": [1.0, 1.0, 1.0], "step_val_acc_99": [5410, 3490, 3200]}}, "x_minus_y": {"means": {"final_train_loss_mean": 0.004422656803702314, "final_val_loss_mean": 0.004981998198976119, "final_train_acc_mean": 1.0, "final_val_acc_mean": 1.0, "step_val_acc_99_mean": 4483.333333333333}, "stderrs": {"final_train_loss_stderr": 0.00036772163565639856, "final_val_loss_stderr": 0.00043930562781988145, "final_train_acc_stderr": 0.0, "final_val_acc_stderr": 0.0, "step_val_acc_99_stderr": 129.28101270841583}, "final_info_dict": {"final_train_loss": [0.0033488094341009855, 0.003979479428380728, 0.005939681548625231], "final_val_loss": [0.0037553696893155575, 0.004380037076771259, 0.006810587830841541], "final_train_acc": [1.0, 1.0, 1.0], "final_val_acc": [1.0, 1.0, 1.0], "step_val_acc_99": [4690, 4820, 3940]}}, "x_plus_y": {"means": {"final_train_loss_mean": 0.5205759589249889, "final_val_loss_mean": 0.13615167730798325, "final_train_acc_mean": 0.8952473998069763, "final_val_acc_mean": 0.9732259114583334, "step_val_acc_99_mean": 1763.3333333333333}, "stderrs": {"final_train_loss_stderr": 0.2432922029358061, "final_val_loss_stderr": 0.061941669722172216, "final_train_acc_stderr": 0.049380849295606856, "final_val_acc_stderr": 0.012621426378601025, "step_val_acc_99_stderr": 220.81219325788607}, "final_info_dict": {"final_train_loss": [0.0039375233463943005, 0.005013182293623686, 1.5527771711349487], "final_val_loss": [0.004150171764194965, 0.005357859656214714, 0.39894700050354004], "final_train_acc": [1.0, 1.0, 0.685742199420929], "final_val_acc": [1.0, 1.0, 0.919677734375], "step_val_acc_99": [2660, 1550, 1080]}}, "permutation": {"means": {"final_train_loss_mean": 0.08973828330636024, "final_val_loss_mean": 8.209673563639322, "final_train_acc_mean": 0.9907552202542623, "final_val_acc_mean": 0.00927734375, "step_val_acc_99_mean": 7500.0}, "stderrs": {"final_train_loss_stderr": 0.01231265138201855, "final_val_loss_stderr": 0.09566876570385908, "final_train_acc_stderr": 0.002471860243213763, "final_val_acc_stderr": 0.0006407884012053882, "step_val_acc_99_stderr": 0.0}, "final_info_dict": {"final_train_loss": [0.03805582597851753, 0.1089983731508255, 0.1221606507897377], "final_val_loss": [7.835697174072266, 8.533282279968262, 8.260041236877441], "final_train_acc": [0.999804675579071, 0.9908203482627869, 0.981640636920929], "final_val_acc": [0.010986328125, 0.006591796875, 0.01025390625], "step_val_acc_99": [7500, 7500, 7500]}}}