{"final_train_loss": 0.03805582597851753, "final_val_loss": 7.835697174072266, "final_train_acc": 0.999804675579071, "final_val_acc": 0.010986328125, "step_val_acc_99": 7500}