{"final_train_loss": 0.005939681548625231, "final_val_loss": 0.006810587830841541, "final_train_acc": 1.0, "final_val_acc": 1.0, "step_val_acc_99": 3940}