{"final_train_loss": 0.006499360781162977, "final_val_loss": 0.007370369508862495, "final_train_acc": 1.0, "final_val_acc": 1.0, "step_val_acc_99": 2820}