{"final_train_loss": 0.02986232377588749, "final_val_loss": 0.0892399474978447, "final_train_acc": 0.9994129538536072, "final_val_acc": 0.988525390625, "step_val_acc_99": 5980}