{"final_train_loss": 0.10829295217990875, "final_val_loss": 6.6535773277282715, "final_train_acc": 0.9902153015136719, "final_val_acc": 0.03759765625, "step_val_acc_99": 7500}