{"final_train_loss": 0.008372887969017029, "final_val_loss": 0.009293334558606148, "final_train_acc": 1.0, "final_val_acc": 1.0, "step_val_acc_99": 3790}