{"final_train_loss": 0.032454174011945724, "final_val_loss": 1.893297553062439, "final_train_acc": 0.9980430603027344, "final_val_acc": 0.459716796875, "step_val_acc_99": 7500}