{"final_train_loss": 0.012732226401567459, "final_val_loss": 0.017405809834599495, "final_train_acc": 1.0, "final_val_acc": 1.0, "step_val_acc_99": 3800}