{"final_train_loss": 0.012327488511800766, "final_val_loss": 0.01954657770693302, "final_train_acc": 1.0, "final_val_acc": 0.9990234375, "step_val_acc_99": 3660}