{"final_train_loss": 0.004233807325363159, "final_val_loss": 0.004504594020545483, "final_train_acc": 1.0, "final_val_acc": 1.0, "step_val_acc_99": 2660}