{"final_train_loss": 0.005108776967972517, "final_val_loss": 0.005558838602155447, "final_train_acc": 1.0, "final_val_acc": 1.0, "step_val_acc_99": 2400}