{"final_train_loss": 0.01026892475783825, "final_val_loss": 0.01038973219692707, "final_train_acc": 1.0, "final_val_acc": 1.0, "step_val_acc_99": 2210}