{"final_train_loss": 0.009232290089130402, "final_val_loss": 0.03994663059711456, "final_train_acc": 1.0, "final_val_acc": 0.990966796875, "step_val_acc_99": 4530}