{"x_div_y": {"means": {"final_train_loss_mean": 0.010787689747909704, "final_val_loss_mean": 0.024116545915603638, "final_train_acc_mean": 1.0, "final_val_acc_mean": 0.997314453125, "step_val_acc_99_mean": 3896.6666666666665}, "stderrs": {"final_train_loss_stderr": 0.0005763190391160216, "final_val_loss_stderr": 0.004779228273471861, "final_train_acc_stderr": 0.0, "final_val_acc_stderr": 0.0010442912627452343, "step_val_acc_99_stderr": 82.83555030940356}, "final_info_dict": {"final_train_loss": [0.01166269276291132, 0.012327488511800766, 0.008372887969017029], "final_val_loss": [0.043509725481271744, 0.01954657770693302, 0.009293334558606148], "final_train_acc": [1.0, 1.0, 1.0], "final_val_acc": [0.992919921875, 0.9990234375, 1.0], "step_val_acc_99": [4240, 3660, 3790]}}, "x_minus_y": {"means": {"final_train_loss_mean": 0.017275613422195118, "final_val_loss_mean": 0.04886412930985292, "final_train_acc_mean": 0.9998043179512024, "final_val_acc_mean": 0.9931640625, "step_val_acc_99_mean": 4770.0}, "stderrs": {"final_train_loss_stderr": 0.0030047042954721537, "final_val_loss_stderr": 0.009998804265267528, "final_train_acc_stderr": 9.224540244084341e-05, "final_val_acc_stderr": 0.0016451420572977762, "step_val_acc_99_stderr": 302.00564135030226}, "final_info_dict": {"final_train_loss": [0.02986232377588749, 0.009232290089130402, 0.012732226401567459], "final_val_loss": [0.0892399474978447, 0.03994663059711456, 0.017405809834599495], "final_train_acc": [0.9994129538536072, 1.0, 1.0], "final_val_acc": [0.988525390625, 0.990966796875, 1.0], "step_val_acc_99": [5980, 4530, 3800]}}, "x_plus_y": {"means": {"final_train_loss_mean": 0.006537169683724642, "final_val_loss_mean": 0.0068177216065426665, "final_train_acc_mean": 1.0, "final_val_acc_mean": 1.0, "step_val_acc_99_mean": 2423.3333333333335}, "stderrs": {"final_train_loss_stderr": 0.0008876055980475195, "final_val_loss_stderr": 0.0008540666403363098, "final_train_acc_stderr": 0.0, "final_val_acc_stderr": 0.0, "step_val_acc_99_stderr": 61.48371258780855}, "final_info_dict": {"final_train_loss": [0.004233807325363159, 0.01026892475783825, 0.005108776967972517], "final_val_loss": [0.004504594020545483, 0.01038973219692707, 0.005558838602155447], "final_train_acc": [1.0, 1.0, 1.0], "final_val_acc": [1.0, 1.0, 1.0], "step_val_acc_99": [2660, 2210, 2400]}}, "permutation": {"means": {"final_train_loss_mean": 0.0918336349229018, "final_val_loss_mean": 5.4179532925287885, "final_train_acc_mean": 0.9902152816454569, "final_val_acc_mean": 0.17399088541666666, "step_val_acc_99_mean": 7500.0}, "stderrs": {"final_train_loss_stderr": 0.014451666870306119, "final_val_loss_stderr": 0.8430463055964365, "final_train_acc_stderr": 0.002130454207035421, "final_val_acc_stderr": 0.0673692586893805, "step_val_acc_99_stderr": 0.0}, "final_info_dict": {"final_train_loss": [0.10829295217990875, 0.1347537785768509, 0.032454174011945724], "final_val_loss": [6.6535773277282715, 7.706984996795654, 1.893297553062439], "final_train_acc": [0.9902153015136719, 0.9823874831199646, 0.9980430603027344], "final_val_acc": [0.03759765625, 0.024658203125, 0.459716796875], "step_val_acc_99": [7500, 7500, 7500]}}}