{"final_train_loss": 0.1347537785768509, "final_val_loss": 7.706984996795654, "final_train_acc": 0.9823874831199646, "final_val_acc": 0.024658203125, "step_val_acc_99": 7500}