{"final_train_loss": 0.01166269276291132, "final_val_loss": 0.043509725481271744, "final_train_acc": 1.0, "final_val_acc": 0.992919921875, "step_val_acc_99": 4240}