{"final_train_loss": 0.006346084177494049, "final_val_loss": 0.006919617298990488, "final_train_acc": 1.0, "final_val_acc": 1.0, "step_val_acc_99": 1750}