{"final_train_loss": 0.007860883139073849, "final_val_loss": 0.009556489996612072, "final_train_acc": 1.0, "final_val_acc": 1.0, "step_val_acc_99": 4640}