{"final_train_loss": 0.005270498339086771, "final_val_loss": 0.006026493385434151, "final_train_acc": 1.0, "final_val_acc": 1.0, "step_val_acc_99": 3710}