{"final_train_loss": 0.00396164134144783, "final_val_loss": 0.005836168769747019, "final_train_acc": 1.0, "final_val_acc": 1.0, "step_val_acc_99": 5230}