{"final_train_loss": 0.005001652054488659, "final_val_loss": 0.005647960584610701, "final_train_acc": 1.0, "final_val_acc": 1.0, "step_val_acc_99": 2600}