{"final_train_loss": 0.012271263636648655, "final_val_loss": 0.011840716004371643, "final_train_acc": 1.0, "final_val_acc": 1.0, "step_val_acc_99": 2440}