{"final_train_loss": 0.4294433295726776, "final_val_loss": 0.17881296575069427, "final_train_acc": 0.9375, "final_val_acc": 0.989990234375, "step_val_acc_99": 3950}