{"final_train_loss": 0.0017783351941034198, "final_val_loss": 0.007627867162227631, "final_train_acc": 1.0, "final_val_acc": 1.0, "step_val_acc_99": 7090}