{"final_train_loss": 0.13459165394306183, "final_val_loss": 8.554838180541992, "final_train_acc": 0.9740234613418579, "final_val_acc": 0.009033203125, "step_val_acc_99": 7500}