{"final_train_loss": 0.005810506641864777, "final_val_loss": 0.006748352665454149, "final_train_acc": 1.0, "final_val_acc": 1.0, "step_val_acc_99": 4010}