{"final_train_loss": 0.011413231492042542, "final_val_loss": 0.011667131446301937, "final_train_acc": 1.0, "final_val_acc": 1.0, "step_val_acc_99": 4490}