{"x_div_y": {"means": {"final_train_loss_mean": 0.008181537656734387, "final_val_loss_mean": 0.009083371609449387, "final_train_acc_mean": 1.0, "final_val_acc_mean": 1.0, "step_val_acc_99_mean": 4280.0}, "stderrs": {"final_train_loss_stderr": 0.0008393298533542529, "final_val_loss_stderr": 0.0007756517063749081, "final_train_acc_stderr": 0.0, "final_val_acc_stderr": 0.0, "step_val_acc_99_stderr": 135.89211407093006}, "final_info_dict": {"final_train_loss": [0.011413231492042542, 0.007860883139073849, 0.005270498339086771], "final_val_loss": [0.011667131446301937, 0.009556489996612072, 0.006026493385434151], "final_train_acc": [1.0, 1.0, 1.0], "final_val_acc": [1.0, 1.0, 1.0], "step_val_acc_99": [4490, 4640, 3710]}}, "x_minus_y": {"means": {"final_train_loss_mean": 0.14640515918533006, "final_val_loss_mean": 0.06379916239529848, "final_train_acc_mean": 0.9791666666666666, "final_val_acc_mean": 0.9966634114583334, "step_val_acc_99_mean": 4396.666666666667}, "stderrs": {"final_train_loss_stderr": 0.06671321097325514, "final_val_loss_stderr": 0.027109297628195462, "final_train_acc_stderr": 0.009820927516479826, "final_val_acc_stderr": 0.0015728829225612221, "step_val_acc_99_stderr": 196.5881827075242}, "final_info_dict": {"final_train_loss": [0.00396164134144783, 0.4294433295726776, 0.005810506641864777], "final_val_loss": [0.005836168769747019, 0.17881296575069427, 0.006748352665454149], "final_train_acc": [1.0, 0.9375, 1.0], "final_val_acc": [1.0, 0.989990234375, 1.0], "step_val_acc_99": [5230, 3950, 4010]}}, "x_plus_y": {"means": {"final_train_loss_mean": 0.007872999956210455, "final_val_loss_mean": 0.00813609796265761, "final_train_acc_mean": 1.0, "final_val_acc_mean": 1.0, "step_val_acc_99_mean": 2263.3333333333335}, "stderrs": {"final_train_loss_stderr": 0.0010527008292724968, "final_val_loss_stderr": 0.0008901695146952144, "final_train_acc_stderr": 0.0, "final_val_acc_stderr": 0.0, "step_val_acc_99_stderr": 122.9373020970998}, "final_info_dict": {"final_train_loss": [0.005001652054488659, 0.006346084177494049, 0.012271263636648655], "final_val_loss": [0.005647960584610701, 0.006919617298990488, 0.011840716004371643], "final_train_acc": [1.0, 1.0, 1.0], "final_val_acc": [1.0, 1.0, 1.0], "step_val_acc_99": [2600, 1750, 2440]}}, "permutation": {"means": {"final_train_loss_mean": 0.05013071834885826, "final_val_loss_mean": 3.8278609588742256, "final_train_acc_mean": 0.9913411537806193, "final_val_acc_mean": 0.4217936197916667, "step_val_acc_99_mean": 7363.333333333333}, "stderrs": {"final_train_loss_stderr": 0.019977237192165268, "final_val_loss_stderr": 1.1826003903261249, "final_train_acc_stderr": 0.004081819252650394, "final_val_acc_stderr": 0.14037860796889592, "step_val_acc_99_stderr": 64.42528450810767}, "final_info_dict": {"final_train_loss": [0.0017783351941034198, 0.014022165909409523, 0.13459165394306183], "final_val_loss": [0.007627867162227631, 2.921116828918457, 8.554838180541992], "final_train_acc": [1.0, 1.0, 0.9740234613418579], "final_val_acc": [1.0, 0.25634765625, 0.009033203125], "step_val_acc_99": [7090, 7500, 7500]}}}