{"final_train_loss": 0.014022165909409523, "final_val_loss": 2.921116828918457, "final_train_acc": 1.0, "final_val_acc": 0.25634765625, "step_val_acc_99": 7500}