{"final_train_loss": 0.0038601451087743044, "final_val_loss": 0.004828959237784147, "final_train_acc": 1.0, "final_val_acc": 1.0, "step_val_acc_99": 3160}