{"parameter_count": 12713569, "final_train_loss": 1.6695517301559448, "final_val_loss": 1.960355281829834, "final_train_acc": 0.3275390565395355, "final_val_acc": 0.261474609375, "step_val_acc_99": 7500}