{"parameter_count": 12713569, "final_train_loss": 4.572047710418701, "final_val_loss": 4.5875983238220215, "final_train_acc": 0.0126953125, "final_val_acc": 0.00634765625, "step_val_acc_99": 7500}