{"parameter_count": 12713569, "final_train_loss": 4.572999000549316, "final_val_loss": 4.586193084716797, "final_train_acc": 0.012109375558793545, "final_val_acc": 0.00830078125, "step_val_acc_99": 7500}