{"parameter_count": 12713569, "final_train_loss": 0.4800587296485901, "final_val_loss": 0.41420629620552063, "final_train_acc": 0.9166015982627869, "final_val_acc": 0.912841796875, "step_val_acc_99": 1350}