{"parameter_count": 12713569, "final_train_loss": 4.570682525634766, "final_val_loss": 4.588479518890381, "final_train_acc": 0.012890624813735485, "final_val_acc": 0.005859375, "step_val_acc_99": 7500}