{"parameter_count": 12713569, "final_train_loss": 4.571597576141357, "final_val_loss": 4.593735218048096, "final_train_acc": 0.012890624813735485, "final_val_acc": 0.005859375, "step_val_acc_99": 7500}