{"parameter_count": 12713569, "final_train_loss": 4.56635046005249, "final_val_loss": 4.596608638763428, "final_train_acc": 0.0107421875, "final_val_acc": 0.00830078125, "step_val_acc_99": 770}