{"parameter_count": 12713569, "final_train_loss": 4.568217754364014, "final_val_loss": 4.588380813598633, "final_train_acc": 0.013476562686264515, "final_val_acc": 0.010498046875, "step_val_acc_99": 1920}