{"parameter_count": 12713569, "final_train_loss": 4.570522308349609, "final_val_loss": 4.591665744781494, "final_train_acc": 0.0146484375, "final_val_acc": 0.0078125, "step_val_acc_99": 7500}