{"final_train_loss": 0.07786347717046738, "final_val_loss": 3.2855007648468018, "final_train_acc": 0.9945312738418579, "final_val_acc": 0.244873046875, "step_val_acc_99": 7500}