{"final_train_loss": 0.30828094482421875, "final_val_loss": 9.384842872619629, "final_train_acc": 0.952929675579071, "final_val_acc": 0.004150390625, "step_val_acc_99": 7500}