{"final_train_loss": 0.033555272966623306, "final_val_loss": 0.06174559146165848, "final_train_acc": 0.999218761920929, "final_val_acc": 0.991943359375, "step_val_acc_99": 3570}