{"final_train_loss": 0.01790587790310383, "final_val_loss": 0.017143992707133293, "final_train_acc": 1.0, "final_val_acc": 1.0, "step_val_acc_99": 1760}