{"final_train_loss": 0.004829138517379761, "final_val_loss": 0.00524930702522397, "final_train_acc": 1.0, "final_val_acc": 1.0, "step_val_acc_99": 3530}