{"final_train_loss": 0.00406990759074688, "final_val_loss": 0.025363437831401825, "final_train_acc": 1.0, "final_val_acc": 0.9990234375, "step_val_acc_99": 7010}