{"final_train_loss": 0.013237793929874897, "final_val_loss": 0.01896257884800434, "final_train_acc": 1.0, "final_val_acc": 0.998779296875, "step_val_acc_99": 3280}