{"final_train_loss": 0.005214652977883816, "final_val_loss": 0.005348879378288984, "final_train_acc": 1.0, "final_val_acc": 1.0, "step_val_acc_99": 2650}