{"x_div_y": {"means": {"final_train_loss_mean": 0.3385016868511836, "final_val_loss_mean": 0.14686850598081946, "final_train_acc_mean": 0.914257824420929, "final_val_acc_mean": 0.972412109375, "step_val_acc_99_mean": 4146.666666666667}, "stderrs": {"final_train_loss_stderr": 0.15675130104965343, "final_val_loss_stderr": 0.05456459978023157, "final_train_acc_stderr": 0.04041924919043249, "final_val_acc_stderr": 0.00995791409442202, "step_val_acc_99_stderr": 147.17923900829805}, "final_info_dict": {"final_train_loss": [1.003539800643921, 0.007136121392250061, 0.004829138517379761], "final_val_loss": [0.3762703239917755, 0.05908588692545891, 0.00524930702522397], "final_train_acc": [0.7427734732627869, 1.0, 1.0], "final_val_acc": [0.930908203125, 0.986328125, 1.0], "step_val_acc_99": [4370, 4540, 3530]}}, "x_minus_y": {"means": {"final_train_loss_mean": 0.019026166448990505, "final_val_loss_mean": 0.03210923634469509, "final_train_acc_mean": 0.9997395873069763, "final_val_acc_mean": 0.9969075520833334, "step_val_acc_99_mean": 3763.3333333333335}, "stderrs": {"final_train_loss_stderr": 0.0034480301593465255, "final_val_loss_stderr": 0.007000154166455993, "final_train_acc_stderr": 0.00012275972076273068, "final_val_acc_stderr": 0.0011818045198997377, "step_val_acc_99_stderr": 164.30173988243416}, "final_info_dict": {"final_train_loss": [0.010285432450473309, 0.033555272966623306, 0.013237793929874897], "final_val_loss": [0.015619538724422455, 0.06174559146165848, 0.01896257884800434], "final_train_acc": [1.0, 0.999218761920929, 1.0], "final_val_acc": [1.0, 0.991943359375, 0.998779296875], "step_val_acc_99": [4440, 3570, 3280]}}, "x_plus_y": {"means": {"final_train_loss_mean": 0.010366747776667276, "final_val_loss_mean": 0.010400269956638416, "final_train_acc_mean": 1.0, "final_val_acc_mean": 1.0, "step_val_acc_99_mean": 2223.3333333333335}, "stderrs": {"final_train_loss_stderr": 0.0018163914321009062, "final_val_loss_stderr": 0.001653932815728285, "final_train_acc_stderr": 0.0, "final_val_acc_stderr": 0.0, "step_val_acc_99_stderr": 121.4216203010947}, "final_info_dict": {"final_train_loss": [0.007979712449014187, 0.005214652977883816, 0.01790587790310383], "final_val_loss": [0.00870793778449297, 0.005348879378288984, 0.017143992707133293], "final_train_acc": [1.0, 1.0, 1.0], "final_val_acc": [1.0, 1.0, 1.0], "step_val_acc_99": [2260, 2650, 1760]}}, "permutation": {"means": {"final_train_loss_mean": 0.13007144319514433, "final_val_loss_mean": 4.2319023584326105, "final_train_acc_mean": 0.9824869831403097, "final_val_acc_mean": 0.416015625, "step_val_acc_99_mean": 7336.666666666667}, "stderrs": {"final_train_loss_stderr": 0.0431880835596456, "final_val_loss_stderr": 1.2930503930145114, "final_train_acc_stderr": 0.007006359884130811, "final_val_acc_stderr": 0.14126686890684498, "step_val_acc_99_stderr": 76.99607172920184}, "final_info_dict": {"final_train_loss": [0.00406990759074688, 0.07786347717046738, 0.30828094482421875], "final_val_loss": [0.025363437831401825, 3.2855007648468018, 9.384842872619629], "final_train_acc": [1.0, 0.9945312738418579, 0.952929675579071], "final_val_acc": [0.9990234375, 0.244873046875, 0.004150390625], "step_val_acc_99": [7010, 7500, 7500]}}}