{"final_train_loss": 1.003539800643921, "final_val_loss": 0.3762703239917755, "final_train_acc": 0.7427734732627869, "final_val_acc": 0.930908203125, "step_val_acc_99": 4370}