{"final_train_loss": 0.007979712449014187, "final_val_loss": 0.00870793778449297, "final_train_acc": 1.0, "final_val_acc": 1.0, "step_val_acc_99": 2260}