{"final_train_loss": 0.010285432450473309, "final_val_loss": 0.015619538724422455, "final_train_acc": 1.0, "final_val_acc": 1.0, "step_val_acc_99": 4440}