{"final_train_loss": 0.007136121392250061, "final_val_loss": 0.05908588692545891, "final_train_acc": 1.0, "final_val_acc": 0.986328125, "step_val_acc_99": 4540}