{
  "transformer_loss": 7.8279766082763675,
  "transformer_perplexity": 2509.84619140625,
  "autoencoder_loss": 1891007.375,
  "reconstruction_error": NaN,
  "downstream_loss_original": 82.36698455810547,
  "downstream_loss_reconstructed": NaN,
  "downstream_loss_delta_absolute": NaN,
  "downstream_loss_delta_percent": NaN,
  "neuron_sparsity": 0.5266647338867188,
  "latent_sparsity": 0.2562622129917145,
  "activation_entropy": 3.8885722160339355,
  "latent_entropy": 1.2974342107772827
}