{"final_train_loss": 2.179431676864624, "final_val_loss": 2.1248199939727783, "final_train_acc": 0.228515625, "final_val_acc": 0.26416015625, "step_val_acc_99": 7500}