{"final_train_loss": 4.574298858642578, "final_val_loss": 4.575125217437744, "final_train_acc": 0.011914062313735485, "final_val_acc": 0.008544921875, "step_val_acc_99": 7500}