{"final_train_loss": 4.787952423095703, "final_val_loss": 4.78751802444458, "final_train_acc": 0.008984374813735485, "final_val_acc": 0.01025390625, "step_val_acc_99": 7500}