{"final_train_loss": 4.575018882751465, "final_val_loss": 4.574934005737305, "final_train_acc": 0.010546875186264515, "final_val_acc": 0.01025390625, "step_val_acc_99": 7500}