{"final_train_loss": 4.7878618240356445, "final_val_loss": 4.7878737449646, "final_train_acc": 0.007617187686264515, "final_val_acc": 0.007568359375, "step_val_acc_99": 7500}