{"x_div_y": {"means": {"final_train_loss_mean": 2.698624769846598, "final_val_loss_mean": 2.6567535400390625, "final_train_acc_mean": 0.2148437493791183, "final_val_acc_mean": 0.237060546875, "step_val_acc_99_mean": 7500.0}, "stderrs": {"final_train_loss_stderr": 0.30799598755694657, "final_val_loss_stderr": 0.3113908219848971, "final_train_acc_stderr": 0.05691660787632479, "final_val_acc_stderr": 0.06297128093644007, "step_val_acc_99_stderr": 0.0}, "final_info_dict": {"final_train_loss": [1.5858547687530518, 2.661766290664673, 3.8482532501220703], "final_val_loss": [1.5558066368103027, 2.574807643890381, 3.839646339416504], "final_train_acc": [0.4423828125, 0.17109374701976776, 0.03105468861758709], "final_val_acc": [0.48681640625, 0.1943359375, 0.030029296875], "step_val_acc_99": [7500, 7500, 7500]}}, "x_minus_y": {"means": {"final_train_loss_mean": 4.574860731760661, "final_val_loss_mean": 4.5746660232543945, "final_train_acc_mean": 0.01158854179084301, "final_val_acc_mean": 0.010416666666666666, "step_val_acc_99_mean": 7500.0}, "stderrs": {"final_train_loss_stderr": 0.0001365859779108965, "final_val_loss_stderr": 0.00017336108892322742, "final_train_acc_stderr": 0.00025121174012968073, "final_val_acc_stderr": 0.0005329558025278998, "step_val_acc_99_stderr": 0.0}, "final_info_dict": {"final_train_loss": [4.574298858642578, 4.5752644538879395, 4.575018882751465], "final_val_loss": [4.575125217437744, 4.573938846588135, 4.574934005737305], "final_train_acc": [0.011914062313735485, 0.01230468787252903, 0.010546875186264515], "final_val_acc": [0.008544921875, 0.012451171875, 0.01025390625], "step_val_acc_99": [7500, 7500, 7500]}}, "x_plus_y": {"means": {"final_train_loss_mean": 2.6381684939066568, "final_val_loss_mean": 2.6314213275909424, "final_train_acc_mean": 0.2759114544217785, "final_val_acc_mean": 0.2788899739583333, "step_val_acc_99_mean": 7500.0}, "stderrs": {"final_train_loss_stderr": 0.47709942415968026, "final_val_loss_stderr": 0.4751296129460485, "final_train_acc_stderr": 0.07972518898819854, "final_val_acc_stderr": 0.07553002117679182, "step_val_acc_99_stderr": 0.0}, "final_info_dict": {"final_train_loss": [2.179431676864624, 4.574901103973389, 1.160172700881958], "final_val_loss": [2.1248199939727783, 4.5744309425354, 1.1950130462646484], "final_train_acc": [0.228515625, 0.009570312686264515, 0.589648425579071], "final_val_acc": [0.26416015625, 0.009033203125, 0.5634765625], "step_val_acc_99": [7500, 7500, 7500]}}, "permutation": {"means": {"final_train_loss_mean": 4.7876877784729, "final_val_loss_mean": 4.787555535634358, "final_train_acc_mean": 0.00865885429084301, "final_val_acc_mean": 0.008544921875, "step_val_acc_99_mean": 7500.0}, "stderrs": {"final_train_loss_stderr": 0.00010413269902788706, "final_val_loss_stderr": 8.197915572241558e-05, "final_train_acc_stderr": 0.00025121174012968073, "final_val_acc_stderr": 0.0004041792650214665, "step_val_acc_99_stderr": 0.0}, "final_info_dict": {"final_train_loss": [4.7872490882873535, 4.787952423095703, 4.7878618240356445], "final_val_loss": [4.7872748374938965, 4.78751802444458, 4.7878737449646], "final_train_acc": [0.00937500037252903, 0.008984374813735485, 0.007617187686264515], "final_val_acc": [0.0078125, 0.01025390625, 0.007568359375], "step_val_acc_99": [7500, 7500, 7500]}}}