{"final_train_loss": 1.5858547687530518, "final_val_loss": 1.5558066368103027, "final_train_acc": 0.4423828125, "final_val_acc": 0.48681640625, "step_val_acc_99": 7500}