{"final_train_loss": 4.574901103973389, "final_val_loss": 4.5744309425354, "final_train_acc": 0.009570312686264515, "final_val_acc": 0.009033203125, "step_val_acc_99": 7500}