{"final_train_loss": 3.8482532501220703, "final_val_loss": 3.839646339416504, "final_train_acc": 0.03105468861758709, "final_val_acc": 0.030029296875, "step_val_acc_99": 7500}