{"final_train_loss": 1.160172700881958, "final_val_loss": 1.1950130462646484, "final_train_acc": 0.589648425579071, "final_val_acc": 0.5634765625, "step_val_acc_99": 7500}