{"final_train_loss": 4.7872490882873535, "final_val_loss": 4.7872748374938965, "final_train_acc": 0.00937500037252903, "final_val_acc": 0.0078125, "step_val_acc_99": 7500}