{"final_train_loss": 4.5752644538879395, "final_val_loss": 4.573938846588135, "final_train_acc": 0.01230468787252903, "final_val_acc": 0.012451171875, "step_val_acc_99": 7500}