{"final_train_loss": 2.661766290664673, "final_val_loss": 2.574807643890381, "final_train_acc": 0.17109374701976776, "final_val_acc": 0.1943359375, "step_val_acc_99": 7500}