{"final_train_loss": 1.4931954145431519, "final_val_loss": 1.4916902780532837, "final_train_acc": 0.2807843089103699, "final_val_acc": 0.259033203125, "step_val_acc_99": 7500}