{"final_train_loss": 1.3959310054779053, "final_val_loss": 1.4860931634902954, "final_train_acc": 0.39980390667915344, "final_val_acc": 0.309326171875, "step_val_acc_99": 7500}