{"x_div_y": {"means": {"final_train_loss_mean": 2.3000516494115195, "final_val_loss_mean": 2.2981305519739785, "final_train_acc_mean": 0.1594771221280098, "final_val_acc_mean": 0.15616861979166666, "step_val_acc_99_mean": 7500.0}, "stderrs": {"final_train_loss_stderr": 0.19080300360491356, "final_val_loss_stderr": 0.19062221111878952, "final_train_acc_stderr": 0.02919954037786315, "final_val_acc_stderr": 0.024712918134525624, "step_val_acc_99_stderr": 0.0}, "final_info_dict": {"final_train_loss": [1.4931954145431519, 2.646775484085083, 2.7601840496063232], "final_val_loss": [1.4916902780532837, 2.6485517024993896, 2.7541496753692627], "final_train_acc": [0.2807843089103699, 0.12058823555707932, 0.0770588219165802], "final_val_acc": [0.259033203125, 0.122314453125, 0.087158203125], "step_val_acc_99": [7500, 7500, 7500]}}, "x_minus_y": {"means": {"final_train_loss_mean": 4.574722448984782, "final_val_loss_mean": 4.57502285639445, "final_train_acc_mean": 0.0110457514723142, "final_val_acc_mean": 0.008951822916666666, "step_val_acc_99_mean": 7500.0}, "stderrs": {"final_train_loss_stderr": 7.651706289667406e-05, "final_val_loss_stderr": 8.579009211914829e-05, "final_train_acc_stderr": 0.00011108971065938794, "final_val_acc_stderr": 0.00038362998111249325, "step_val_acc_99_stderr": 0.0}, "final_info_dict": {"final_train_loss": [4.574565887451172, 4.574554443359375, 4.575047016143799], "final_val_loss": [4.57465934753418, 4.575220584869385, 4.575188636779785], "final_train_acc": [0.010588235221803188, 0.011372548528015614, 0.011176470667123795], "final_val_acc": [0.009765625, 0.00732421875, 0.009765625], "step_val_acc_99": [7500, 7500, 7500]}}, "x_plus_y": {"means": {"final_train_loss_mean": 2.6451091368993125, "final_val_loss_mean": 2.6454552014668784, "final_train_acc_mean": 0.22705881421764693, "final_val_acc_mean": 0.222412109375, "step_val_acc_99_mean": 7500.0}, "stderrs": {"final_train_loss_stderr": 0.4614041270499711, "final_val_loss_stderr": 0.45785853458257236, "final_train_acc_stderr": 0.05402903181284263, "final_val_acc_stderr": 0.050398862232841755, "step_val_acc_99_stderr": 0.0}, "final_info_dict": {"final_train_loss": [4.5749688148498535, 1.9644275903701782, 1.3959310054779053], "final_val_loss": [4.574941635131836, 1.8753308057785034, 1.4860931634902954], "final_train_acc": [0.010196078568696976, 0.27117645740509033, 0.39980390667915344], "final_val_acc": [0.009765625, 0.34814453125, 0.309326171875], "step_val_acc_99": [7500, 7500, 7500]}}, "permutation": {"means": {"final_train_loss_mean": 4.787588119506836, "final_val_loss_mean": 4.788022359212239, "final_train_acc_mean": 0.008366013100991646, "final_val_acc_mean": 0.00830078125, "step_val_acc_99_mean": 7500.0}, "stderrs": {"final_train_loss_stderr": 8.185040962456869e-05, "final_val_loss_stderr": 8.846842527292864e-05, "final_train_acc_stderr": 0.000575592421209742, "final_val_acc_stderr": 0.0003044968576476189, "step_val_acc_99_stderr": 0.0}, "final_info_dict": {"final_train_loss": [4.7872633934021, 4.787643909454346, 4.7878570556640625], "final_val_loss": [4.787803649902344, 4.788395881652832, 4.787867546081543], "final_train_acc": [0.010784314014017582, 0.006862745154649019, 0.007450980134308338], "final_val_acc": [0.008544921875, 0.007080078125, 0.00927734375], "step_val_acc_99": [7500, 7500, 7500]}}}