{"final_train_loss": 4.574554443359375, "final_val_loss": 4.575220584869385, "final_train_acc": 0.011372548528015614, "final_val_acc": 0.00732421875, "step_val_acc_99": 7500}