{"final_train_loss": 4.574565887451172, "final_val_loss": 4.57465934753418, "final_train_acc": 0.010588235221803188, "final_val_acc": 0.009765625, "step_val_acc_99": 7500}