{"final_train_loss": 2.7601840496063232, "final_val_loss": 2.7541496753692627, "final_train_acc": 0.0770588219165802, "final_val_acc": 0.087158203125, "step_val_acc_99": 7500}