{"final_train_loss": 1.9644275903701782, "final_val_loss": 1.8753308057785034, "final_train_acc": 0.27117645740509033, "final_val_acc": 0.34814453125, "step_val_acc_99": 7500}