{"final_train_loss": 4.787643909454346, "final_val_loss": 4.788395881652832, "final_train_acc": 0.006862745154649019, "final_val_acc": 0.007080078125, "step_val_acc_99": 7500}