{"final_train_loss": 4.5749688148498535, "final_val_loss": 4.574941635131836, "final_train_acc": 0.010196078568696976, "final_val_acc": 0.009765625, "step_val_acc_99": 7500}