{"final_train_loss": 2.646775484085083, "final_val_loss": 2.6485517024993896, "final_train_acc": 0.12058823555707932, "final_val_acc": 0.122314453125, "step_val_acc_99": 7500}