{"final_train_loss": 4.575047016143799, "final_val_loss": 4.575188636779785, "final_train_acc": 0.011176470667123795, "final_val_acc": 0.009765625, "step_val_acc_99": 7500}