{"final_train_loss": 4.7878570556640625, "final_val_loss": 4.787867546081543, "final_train_acc": 0.007450980134308338, "final_val_acc": 0.00927734375, "step_val_acc_99": 7500}