{"final_train_loss": 4.7872633934021, "final_val_loss": 4.787803649902344, "final_train_acc": 0.010784314014017582, "final_val_acc": 0.008544921875, "step_val_acc_99": 7500}