{"final_train_loss": 0.8446206450462341, "final_val_loss": 0.34644174575805664, "final_train_acc": 0.8277344107627869, "final_val_acc": 0.945068359375, "step_val_acc_99": 4890}