{"final_train_loss": 0.00547592481598258, "final_val_loss": 0.017525985836982727, "final_train_acc": 1.0, "final_val_acc": 1.0, "step_val_acc_99": 6550}