{"final_train_loss": 0.007022548466920853, "final_val_loss": 0.25029951333999634, "final_train_acc": 1.0, "final_val_acc": 0.943359375, "step_val_acc_99": 7500}