{"final_train_loss": 0.00889271404594183, "final_val_loss": 0.012991969473659992, "final_train_acc": 1.0, "final_val_acc": 1.0, "step_val_acc_99": 5530}