{"final_train_loss": 0.004285306669771671, "final_val_loss": 0.004814473912119865, "final_train_acc": 1.0, "final_val_acc": 1.0, "step_val_acc_99": 2620}