{"final_train_loss": 0.10476221144199371, "final_val_loss": 1.9890238046646118, "final_train_acc": 0.9888672232627869, "final_val_acc": 0.416015625, "step_val_acc_99": 7500}