{"final_train_loss": 0.0049997977912425995, "final_val_loss": 0.012737952172756195, "final_train_acc": 1.0, "final_val_acc": 0.999755859375, "step_val_acc_99": 6580}