{"final_train_loss": 0.025878114625811577, "final_val_loss": 9.34991455078125, "final_train_acc": 0.9994140863418579, "final_val_acc": 0.00341796875, "step_val_acc_99": 7500}