{"x_div_y": {"means": {"final_train_loss_mean": 0.03908689490829905, "final_val_loss_mean": 0.7522831012805303, "final_train_acc_mean": 0.996289074420929, "final_val_acc_mean": 0.7864583333333334, "step_val_acc_99_mean": 7183.333333333333}, "stderrs": {"final_train_loss_stderr": 0.015481251295321708, "final_val_loss_stderr": 0.293218608162448, "final_train_acc_stderr": 0.0017493470942931677, "final_val_acc_stderr": 0.08765373382345167, "step_val_acc_99_stderr": 149.27809825049334}, "final_info_dict": {"final_train_loss": [0.007022548466920853, 0.00547592481598258, 0.10476221144199371], "final_val_loss": [0.25029951333999634, 0.017525985836982727, 1.9890238046646118], "final_train_acc": [1.0, 1.0, 0.9888672232627869], "final_val_acc": [0.943359375, 1.0, 0.416015625], "step_val_acc_99": [7500, 6550, 7500]}}, "x_minus_y": {"means": {"final_train_loss_mean": 0.28617105229447287, "final_val_loss_mean": 0.1240572224681576, "final_train_acc_mean": 0.942578136920929, "final_val_acc_mean": 0.9816080729166666, "step_val_acc_99_mean": 5666.666666666667}, "stderrs": {"final_train_loss_stderr": 0.13162889737684602, "final_val_loss_stderr": 0.052416546214561495, "final_train_acc_stderr": 0.027068925847717723, "final_val_acc_stderr": 0.008612557156468892, "step_val_acc_99_stderr": 232.2248803675618}, "final_info_dict": {"final_train_loss": [0.0049997977912425995, 0.8446206450462341, 0.00889271404594183], "final_val_loss": [0.012737952172756195, 0.34644174575805664, 0.012991969473659992], "final_train_acc": [1.0, 0.8277344107627869, 1.0], "final_val_acc": [0.999755859375, 0.945068359375, 1.0], "step_val_acc_99": [6580, 4890, 5530]}}, "x_plus_y": {"means": {"final_train_loss_mean": 0.0055594964263339835, "final_val_loss_mean": 0.005967737020303805, "final_train_acc_mean": 1.0, "final_val_acc_mean": 1.0, "step_val_acc_99_mean": 2333.3333333333335}, "stderrs": {"final_train_loss_stderr": 0.00044166301267333457, "final_val_loss_stderr": 0.00047387108446738524, "final_train_acc_stderr": 0.0, "final_val_acc_stderr": 0.0, "step_val_acc_99_stderr": 166.7185104551833}, "final_info_dict": {"final_train_loss": [0.004285306669771671, 0.005006749182939529, 0.0073864334262907505], "final_val_loss": [0.004814473912119865, 0.005118197295814753, 0.007970539852976799], "final_train_acc": [1.0, 1.0, 1.0], "final_val_acc": [1.0, 1.0, 1.0], "step_val_acc_99": [2620, 1630, 2750]}}, "permutation": {"means": {"final_train_loss_mean": 0.1223279641320308, "final_val_loss_mean": 9.488898595174154, "final_train_acc_mean": 0.983789066473643, "final_val_acc_mean": 0.003173828125, "step_val_acc_99_mean": 7500.0}, "stderrs": {"final_train_loss_stderr": 0.038673639555689726, "final_val_loss_stderr": 0.2299323930034151, "final_train_acc_stderr": 0.007000641762334407, "final_val_acc_stderr": 0.00011508899433374798, "step_val_acc_99_stderr": 0.0}, "final_info_dict": {"final_train_loss": [0.05559920147061348, 0.28550657629966736, 0.025878114625811577], "final_val_loss": [10.394598007202148, 8.722183227539062, 9.34991455078125], "final_train_acc": [0.997851550579071, 0.9541015625, 0.9994140863418579], "final_val_acc": [0.002685546875, 0.00341796875, 0.00341796875], "step_val_acc_99": [7500, 7500, 7500]}}}