{"final_train_loss": 0.0073864334262907505, "final_val_loss": 0.007970539852976799, "final_train_acc": 1.0, "final_val_acc": 1.0, "step_val_acc_99": 2750}