{"final_train_loss": 0.05559920147061348, "final_val_loss": 10.394598007202148, "final_train_acc": 0.997851550579071, "final_val_acc": 0.002685546875, "step_val_acc_99": 7500}