{"final_train_loss": 0.28550657629966736, "final_val_loss": 8.722183227539062, "final_train_acc": 0.9541015625, "final_val_acc": 0.00341796875, "step_val_acc_99": 7500}