{"final_train_loss": 0.005006749182939529, "final_val_loss": 0.005118197295814753, "final_train_acc": 1.0, "final_val_acc": 1.0, "step_val_acc_99": 1630}